{"type":"FeatureCollection","schema":"NAV KURD precomputed locality clusters v1","version":"2026-07-22-nav-kurd-systematic-dedupe-2027","records":473,"source_records":11899,"features":[{"type":"Feature","id":"locality-cluster-7-320-204","geometry":{"type":"Point","coordinates":[45.28527126699784,34.03194197244898]},"properties":{"id":"locality-cluster-7-320-204","cluster_zoom":7,"expansion_zoom":8.2,"point_count":343,"point_count_abbreviated":"343"}},{"type":"Feature","id":"locality-cluster-7-320-205","geometry":{"type":"Point","coordinates":[45.379359057894746,33.63155077500001]},"properties":{"id":"locality-cluster-7-320-205","cluster_zoom":7,"expansion_zoom":8.2,"point_count":76,"point_count_abbreviated":"76"}},{"type":"Feature","id":"locality-cluster-7-319-204","geometry":{"type":"Point","coordinates":[44.954970242857144,34.23566272857143]},"properties":{"id":"locality-cluster-7-319-204","cluster_zoom":7,"expansion_zoom":8.2,"point_count":7,"point_count_abbreviated":"7"}},{"type":"Feature","id":"locality-cluster-7-320-203","geometry":{"type":"Point","coordinates":[45.301197961197666,34.58172611139665]},"properties":{"id":"locality-cluster-7-320-203","cluster_zoom":7,"expansion_zoom":8.2,"point_count":719,"point_count_abbreviated":"719"}},{"type":"Feature","id":"locality-cluster-7-320-202","geometry":{"type":"Point","coordinates":[45.37816872110744,35.18480264058059]},"properties":{"id":"locality-cluster-7-320-202","cluster_zoom":7,"expansion_zoom":8.2,"point_count":775,"point_count_abbreviated":"775"}},{"type":"Feature","id":"locality-cluster-7-321-203","geometry":{"type":"Point","coordinates":[45.72492278333334,34.81907053333334]},"properties":{"id":"locality-cluster-7-321-203","cluster_zoom":7,"expansion_zoom":8.2,"point_count":12,"point_count_abbreviated":"12"}},{"type":"Feature","id":"locality-cluster-7-321-202","geometry":{"type":"Point","coordinates":[45.9112683851313,35.22830105284628]},"properties":{"id":"locality-cluster-7-321-202","cluster_zoom":7,"expansion_zoom":8.2,"point_count":527,"point_count_abbreviated":"527"}},{"type":"Feature","id":"locality-cluster-7-319-203","geometry":{"type":"Point","coordinates":[44.73943274973451,34.63777509860555]},"properties":{"id":"locality-cluster-7-319-203","cluster_zoom":7,"expansion_zoom":8.2,"point_count":251,"point_count_abbreviated":"251"}},{"type":"Feature","id":"locality-cluster-7-318-198","geometry":{"type":"Point","coordinates":[43.96354876871725,37.21248872500002]},"properties":{"id":"locality-cluster-7-318-198","cluster_zoom":7,"expansion_zoom":8.2,"point_count":100,"point_count_abbreviated":"100"}},{"type":"Feature","id":"locality-cluster-7-317-198","geometry":{"type":"Point","coordinates":[43.203843634536845,37.22111625447761]},"properties":{"id":"locality-cluster-7-317-198","cluster_zoom":7,"expansion_zoom":8.2,"point_count":201,"point_count_abbreviated":"201"}},{"type":"Feature","id":"locality-cluster-7-317-199","geometry":{"type":"Point","coordinates":[43.22908017674528,36.88390583204334]},"properties":{"id":"locality-cluster-7-317-199","cluster_zoom":7,"expansion_zoom":8.2,"point_count":646,"point_count_abbreviated":"646"}},{"type":"Feature","id":"locality-cluster-7-318-199","geometry":{"type":"Point","coordinates":[43.9478584134881,36.841191668281226]},"properties":{"id":"locality-cluster-7-318-199","cluster_zoom":7,"expansion_zoom":8.2,"point_count":640,"point_count_abbreviated":"640"}},{"type":"Feature","id":"locality-cluster-7-316-199","geometry":{"type":"Point","coordinates":[42.62372332698723,36.88966260583556]},"properties":{"id":"locality-cluster-7-316-199","cluster_zoom":7,"expansion_zoom":8.2,"point_count":377,"point_count_abbreviated":"377"}},{"type":"Feature","id":"locality-cluster-7-316-198","geometry":{"type":"Point","coordinates":[42.79007888208212,37.23596374719356]},"properties":{"id":"locality-cluster-7-316-198","cluster_zoom":7,"expansion_zoom":8.2,"point_count":59,"point_count_abbreviated":"59"}},{"type":"Feature","id":"locality-cluster-7-318-200","geometry":{"type":"Point","coordinates":[43.97527591783216,36.31436505731937]},"properties":{"id":"locality-cluster-7-318-200","cluster_zoom":7,"expansion_zoom":8.2,"point_count":526,"point_count_abbreviated":"526"}},{"type":"Feature","id":"locality-cluster-7-318-201","geometry":{"type":"Point","coordinates":[43.930186824333205,35.72943601987043]},"properties":{"id":"locality-cluster-7-318-201","cluster_zoom":7,"expansion_zoom":8.2,"point_count":463,"point_count_abbreviated":"463"}},{"type":"Feature","id":"locality-cluster-7-319-200","geometry":{"type":"Point","coordinates":[44.666962507447906,36.3431436319923]},"properties":{"id":"locality-cluster-7-319-200","cluster_zoom":7,"expansion_zoom":8.2,"point_count":783,"point_count_abbreviated":"783"}},{"type":"Feature","id":"locality-cluster-7-319-201","geometry":{"type":"Point","coordinates":[44.68293291342136,35.74134671477278]},"properties":{"id":"locality-cluster-7-319-201","cluster_zoom":7,"expansion_zoom":8.2,"point_count":616,"point_count_abbreviated":"616"}},{"type":"Feature","id":"locality-cluster-7-317-201","geometry":{"type":"Point","coordinates":[43.48577540502927,35.75537829947508]},"properties":{"id":"locality-cluster-7-317-201","cluster_zoom":7,"expansion_zoom":8.2,"point_count":161,"point_count_abbreviated":"161"}},{"type":"Feature","id":"locality-cluster-7-317-200","geometry":{"type":"Point","coordinates":[43.32447300143658,36.340025841326856]},"properties":{"id":"locality-cluster-7-317-200","cluster_zoom":7,"expansion_zoom":8.2,"point_count":413,"point_count_abbreviated":"413"}},{"type":"Feature","id":"locality-cluster-7-317-202","geometry":{"type":"Point","coordinates":[43.49067936795659,35.33137664944624]},"properties":{"id":"locality-cluster-7-317-202","cluster_zoom":7,"expansion_zoom":8.2,"point_count":93,"point_count_abbreviated":"93"}},{"type":"Feature","id":"locality-cluster-7-319-199","geometry":{"type":"Point","coordinates":[44.60456754375259,36.8004325538348]},"properties":{"id":"locality-cluster-7-319-199","cluster_zoom":7,"expansion_zoom":8.2,"point_count":678,"point_count_abbreviated":"678"}},{"type":"Feature","id":"locality-cluster-7-320-199","geometry":{"type":"Point","coordinates":[45.03599900000001,36.66064103157894]},"properties":{"id":"locality-cluster-7-320-199","cluster_zoom":7,"expansion_zoom":8.2,"point_count":19,"point_count_abbreviated":"19"}},{"type":"Feature","id":"locality-cluster-7-320-200","geometry":{"type":"Point","coordinates":[45.172225594387804,36.20619855331632]},"properties":{"id":"locality-cluster-7-320-200","cluster_zoom":7,"expansion_zoom":8.2,"point_count":392,"point_count_abbreviated":"392"}},{"type":"Feature","id":"locality-cluster-7-318-202","geometry":{"type":"Point","coordinates":[43.911742323161455,35.24757398997004]},"properties":{"id":"locality-cluster-7-318-202","cluster_zoom":7,"expansion_zoom":8.2,"point_count":668,"point_count_abbreviated":"668"}},{"type":"Feature","id":"locality-cluster-7-319-202","geometry":{"type":"Point","coordinates":[44.62842783739354,35.18505413506494]},"properties":{"id":"locality-cluster-7-319-202","cluster_zoom":7,"expansion_zoom":8.2,"point_count":539,"point_count_abbreviated":"539"}},{"type":"Feature","id":"locality-cluster-7-318-203","geometry":{"type":"Point","coordinates":[44.2172181125,34.83102175625]},"properties":{"id":"locality-cluster-7-318-203","cluster_zoom":7,"expansion_zoom":8.2,"point_count":16,"point_count_abbreviated":"16"}},{"type":"Feature","id":"locality-cluster-7-314-200","geometry":{"type":"Point","coordinates":[41.4328839609615,36.3562479361111]},"properties":{"id":"locality-cluster-7-314-200","cluster_zoom":7,"expansion_zoom":8.2,"point_count":18,"point_count_abbreviated":"18"}},{"type":"Feature","id":"locality-cluster-7-315-200","geometry":{"type":"Point","coordinates":[41.86061186266872,36.3127633419922]},"properties":{"id":"locality-cluster-7-315-200","cluster_zoom":7,"expansion_zoom":8.2,"point_count":256,"point_count_abbreviated":"256"}},{"type":"Feature","id":"locality-cluster-7-316-200","geometry":{"type":"Point","coordinates":[42.493641720275434,36.42633701454083]},"properties":{"id":"locality-cluster-7-316-200","cluster_zoom":7,"expansion_zoom":8.2,"point_count":196,"point_count_abbreviated":"196"}},{"type":"Feature","id":"locality-cluster-7-315-199","geometry":{"type":"Point","coordinates":[42.044537640625,36.69358849062499]},"properties":{"id":"locality-cluster-7-315-199","cluster_zoom":7,"expansion_zoom":8.2,"point_count":32,"point_count_abbreviated":"32"}},{"type":"Feature","id":"locality-cluster-7-320-201","geometry":{"type":"Point","coordinates":[45.34205136431926,35.72722665794596]},"properties":{"id":"locality-cluster-7-320-201","cluster_zoom":7,"expansion_zoom":8.2,"point_count":925,"point_count_abbreviated":"925"}},{"type":"Feature","id":"locality-cluster-7-321-201","geometry":{"type":"Point","coordinates":[45.91244953413976,35.68269695779566]},"properties":{"id":"locality-cluster-7-321-201","cluster_zoom":7,"expansion_zoom":8.2,"point_count":372,"point_count_abbreviated":"372"}},{"type":"Feature","id":"locality-cluster-8-641-409","geometry":{"type":"Point","coordinates":[45.46311224949492,33.80914858080808]},"properties":{"id":"locality-cluster-8-641-409","cluster_zoom":8,"expansion_zoom":9.2,"point_count":99,"point_count_abbreviated":"99"}},{"type":"Feature","id":"locality-cluster-8-641-410","geometry":{"type":"Point","coordinates":[45.4402612317073,33.683519409756094]},"properties":{"id":"locality-cluster-8-641-410","cluster_zoom":8,"expansion_zoom":9.2,"point_count":41,"point_count_abbreviated":"41"}},{"type":"Feature","id":"locality-cluster-8-640-409","geometry":{"type":"Point","coordinates":[45.27663923023256,33.89766125581395]},"properties":{"id":"locality-cluster-8-640-409","cluster_zoom":8,"expansion_zoom":9.2,"point_count":43,"point_count_abbreviated":"43"}},{"type":"Feature","id":"locality-cluster-8-640-410","geometry":{"type":"Point","coordinates":[45.30795229117648,33.575108326470584]},"properties":{"id":"locality-cluster-8-640-410","cluster_zoom":8,"expansion_zoom":9.2,"point_count":34,"point_count_abbreviated":"34"}},{"type":"Feature","id":"locality-cluster-8-640-408","geometry":{"type":"Point","coordinates":[45.158825898172836,34.170184204857144]},"properties":{"id":"locality-cluster-8-640-408","cluster_zoom":8,"expansion_zoom":9.2,"point_count":175,"point_count_abbreviated":"175"}},{"type":"Feature","id":"locality-cluster-8-639-408","geometry":{"type":"Point","coordinates":[44.954970242857144,34.23566272857143]},"properties":{"id":"locality-cluster-8-639-408","cluster_zoom":8,"expansion_zoom":9.2,"point_count":7,"point_count_abbreviated":"7"}},{"type":"Feature","id":"locality-cluster-8-641-407","geometry":{"type":"Point","coordinates":[45.435225220095006,34.444696960044915]},"properties":{"id":"locality-cluster-8-641-407","cluster_zoom":8,"expansion_zoom":9.2,"point_count":94,"point_count_abbreviated":"94"}},{"type":"Feature","id":"locality-cluster-8-641-405","geometry":{"type":"Point","coordinates":[45.53562545503202,35.011352001813464]},"properties":{"id":"locality-cluster-8-641-405","cluster_zoom":8,"expansion_zoom":9.2,"point_count":193,"point_count_abbreviated":"193"}},{"type":"Feature","id":"locality-cluster-8-641-408","geometry":{"type":"Point","coordinates":[45.47345818461538,34.17187373846154]},"properties":{"id":"locality-cluster-8-641-408","cluster_zoom":8,"expansion_zoom":9.2,"point_count":26,"point_count_abbreviated":"26"}},{"type":"Feature","id":"locality-cluster-8-642-406","geometry":{"type":"Point","coordinates":[45.72504634,34.869328640000006]},"properties":{"id":"locality-cluster-8-642-406","cluster_zoom":8,"expansion_zoom":9.2,"point_count":10,"point_count_abbreviated":"10"}},{"type":"Feature","id":"locality-cluster-8-640-407","geometry":{"type":"Point","coordinates":[45.21066244686898,34.440284612919456]},"properties":{"id":"locality-cluster-8-640-407","cluster_zoom":8,"expansion_zoom":9.2,"point_count":298,"point_count_abbreviated":"298"}},{"type":"Feature","id":"locality-cluster-8-641-406","geometry":{"type":"Point","coordinates":[45.5124488693999,34.741091768292684]},"properties":{"id":"locality-cluster-8-641-406","cluster_zoom":8,"expansion_zoom":9.2,"point_count":164,"point_count_abbreviated":"164"}},{"type":"Feature","id":"locality-cluster-8-642-405","geometry":{"type":"Point","coordinates":[45.8470318865853,35.062405895833336]},"properties":{"id":"locality-cluster-8-642-405","cluster_zoom":8,"expansion_zoom":9.2,"point_count":132,"point_count_abbreviated":"132"}},{"type":"Feature","id":"locality-cluster-8-642-407","geometry":{"type":"Point","coordinates":[45.724305,34.56778]},"properties":{"id":"locality-cluster-8-642-407","cluster_zoom":8,"expansion_zoom":9.2,"point_count":2,"point_count_abbreviated":"2"}},{"type":"Feature","id":"locality-cluster-8-640-406","geometry":{"type":"Point","coordinates":[45.1768781574458,34.75899199509202]},"properties":{"id":"locality-cluster-8-640-406","cluster_zoom":8,"expansion_zoom":9.2,"point_count":163,"point_count_abbreviated":"163"}},{"type":"Feature","id":"locality-cluster-8-639-406","geometry":{"type":"Point","coordinates":[44.8374329855765,34.72496645060241]},"properties":{"id":"locality-cluster-8-639-406","cluster_zoom":8,"expansion_zoom":9.2,"point_count":83,"point_count_abbreviated":"83"}},{"type":"Feature","id":"locality-cluster-8-639-407","geometry":{"type":"Point","coordinates":[44.87141596954097,34.46310117267442]},"properties":{"id":"locality-cluster-8-639-407","cluster_zoom":8,"expansion_zoom":9.2,"point_count":86,"point_count_abbreviated":"86"}},{"type":"Feature","id":"locality-cluster-8-637-397","geometry":{"type":"Point","coordinates":[44.085293220020006,37.22784014666665]},"properties":{"id":"locality-cluster-8-637-397","cluster_zoom":8,"expansion_zoom":9.2,"point_count":60,"point_count_abbreviated":"60"}},{"type":"Feature","id":"locality-cluster-8-635-397","geometry":{"type":"Point","coordinates":[43.38616737944367,37.21292585287357]},"properties":{"id":"locality-cluster-8-635-397","cluster_zoom":8,"expansion_zoom":9.2,"point_count":87,"point_count_abbreviated":"87"}},{"type":"Feature","id":"locality-cluster-8-635-398","geometry":{"type":"Point","coordinates":[43.41254663449237,37.027935324999994]},"properties":{"id":"locality-cluster-8-635-398","cluster_zoom":8,"expansion_zoom":9.2,"point_count":128,"point_count_abbreviated":"128"}},{"type":"Feature","id":"locality-cluster-8-636-397","geometry":{"type":"Point","coordinates":[43.780932091763084,37.1894615925]},"properties":{"id":"locality-cluster-8-636-397","cluster_zoom":8,"expansion_zoom":9.2,"point_count":40,"point_count_abbreviated":"40"}},{"type":"Feature","id":"locality-cluster-8-636-398","geometry":{"type":"Point","coordinates":[43.765137868959734,37.0282199766949]},"properties":{"id":"locality-cluster-8-636-398","cluster_zoom":8,"expansion_zoom":9.2,"point_count":118,"point_count_abbreviated":"118"}},{"type":"Feature","id":"locality-cluster-8-637-398","geometry":{"type":"Point","coordinates":[44.1131307544718,37.00726399268293]},"properties":{"id":"locality-cluster-8-637-398","cluster_zoom":8,"expansion_zoom":9.2,"point_count":123,"point_count_abbreviated":"123"}},{"type":"Feature","id":"locality-cluster-8-634-398","geometry":{"type":"Point","coordinates":[43.05800374476307,37.03109573721593]},"properties":{"id":"locality-cluster-8-634-398","cluster_zoom":8,"expansion_zoom":9.2,"point_count":176,"point_count_abbreviated":"176"}},{"type":"Feature","id":"locality-cluster-8-634-397","geometry":{"type":"Point","coordinates":[43.064701829213206,37.22736682412281]},"properties":{"id":"locality-cluster-8-634-397","cluster_zoom":8,"expansion_zoom":9.2,"point_count":114,"point_count_abbreviated":"114"}},{"type":"Feature","id":"locality-cluster-8-636-399","geometry":{"type":"Point","coordinates":[43.77441218856551,36.741488972020704]},"properties":{"id":"locality-cluster-8-636-399","cluster_zoom":8,"expansion_zoom":9.2,"point_count":193,"point_count_abbreviated":"193"}},{"type":"Feature","id":"locality-cluster-8-635-399","geometry":{"type":"Point","coordinates":[43.4117507613205,36.75667731043955]},"properties":{"id":"locality-cluster-8-635-399","cluster_zoom":8,"expansion_zoom":9.2,"point_count":182,"point_count_abbreviated":"182"}},{"type":"Feature","id":"locality-cluster-8-634-399","geometry":{"type":"Point","coordinates":[43.06270329577375,36.751495785312486]},"properties":{"id":"locality-cluster-8-634-399","cluster_zoom":8,"expansion_zoom":9.2,"point_count":160,"point_count_abbreviated":"160"}},{"type":"Feature","id":"locality-cluster-8-633-398","geometry":{"type":"Point","coordinates":[42.7217213337931,37.02766003241379]},"properties":{"id":"locality-cluster-8-633-398","cluster_zoom":8,"expansion_zoom":9.2,"point_count":145,"point_count_abbreviated":"145"}},{"type":"Feature","id":"locality-cluster-8-633-399","geometry":{"type":"Point","coordinates":[42.726077806732064,36.74370077999999]},"properties":{"id":"locality-cluster-8-633-399","cluster_zoom":8,"expansion_zoom":9.2,"point_count":115,"point_count_abbreviated":"115"}},{"type":"Feature","id":"locality-cluster-8-632-398","geometry":{"type":"Point","coordinates":[42.42243529821429,37.00955422857144]},"properties":{"id":"locality-cluster-8-632-398","cluster_zoom":8,"expansion_zoom":9.2,"point_count":56,"point_count_abbreviated":"56"}},{"type":"Feature","id":"locality-cluster-8-633-397","geometry":{"type":"Point","coordinates":[42.79007888208212,37.23596374719356]},"properties":{"id":"locality-cluster-8-633-397","cluster_zoom":8,"expansion_zoom":9.2,"point_count":59,"point_count_abbreviated":"59"}},{"type":"Feature","id":"locality-cluster-8-637-399","geometry":{"type":"Point","coordinates":[44.11634214030078,36.72831003762137]},"properties":{"id":"locality-cluster-8-637-399","cluster_zoom":8,"expansion_zoom":9.2,"point_count":206,"point_count_abbreviated":"206"}},{"type":"Feature","id":"locality-cluster-8-637-401","geometry":{"type":"Point","coordinates":[44.123167276142446,36.16482180441177]},"properties":{"id":"locality-cluster-8-637-401","cluster_zoom":8,"expansion_zoom":9.2,"point_count":136,"point_count_abbreviated":"136"}},{"type":"Feature","id":"locality-cluster-8-636-402","geometry":{"type":"Point","coordinates":[43.75409786826905,35.90106781712962]},"properties":{"id":"locality-cluster-8-636-402","cluster_zoom":8,"expansion_zoom":9.2,"point_count":108,"point_count_abbreviated":"108"}},{"type":"Feature","id":"locality-cluster-8-637-402","geometry":{"type":"Point","coordinates":[44.105564037898446,35.902371124999995]},"properties":{"id":"locality-cluster-8-637-402","cluster_zoom":8,"expansion_zoom":9.2,"point_count":98,"point_count_abbreviated":"98"}},{"type":"Feature","id":"locality-cluster-8-636-401","geometry":{"type":"Point","coordinates":[43.77673595494734,36.15883423487393]},"properties":{"id":"locality-cluster-8-636-401","cluster_zoom":8,"expansion_zoom":9.2,"point_count":119,"point_count_abbreviated":"119"}},{"type":"Feature","id":"locality-cluster-8-637-400","geometry":{"type":"Point","coordinates":[44.1310222263441,36.45194750343749]},"properties":{"id":"locality-cluster-8-637-400","cluster_zoom":8,"expansion_zoom":9.2,"point_count":160,"point_count_abbreviated":"160"}},{"type":"Feature","id":"locality-cluster-8-636-400","geometry":{"type":"Point","coordinates":[43.78242566099602,36.46601243468469]},"properties":{"id":"locality-cluster-8-636-400","cluster_zoom":8,"expansion_zoom":9.2,"point_count":111,"point_count_abbreviated":"111"}},{"type":"Feature","id":"locality-cluster-8-638-401","geometry":{"type":"Point","coordinates":[44.477279324348984,36.16773798373983]},"properties":{"id":"locality-cluster-8-638-401","cluster_zoom":8,"expansion_zoom":9.2,"point_count":123,"point_count_abbreviated":"123"}},{"type":"Feature","id":"locality-cluster-8-639-402","geometry":{"type":"Point","coordinates":[44.82257045179485,35.89148160102565]},"properties":{"id":"locality-cluster-8-639-402","cluster_zoom":8,"expansion_zoom":9.2,"point_count":195,"point_count_abbreviated":"195"}},{"type":"Feature","id":"locality-cluster-8-638-402","geometry":{"type":"Point","coordinates":[44.49240863032513,35.87622268055554]},"properties":{"id":"locality-cluster-8-638-402","cluster_zoom":8,"expansion_zoom":9.2,"point_count":108,"point_count_abbreviated":"108"}},{"type":"Feature","id":"locality-cluster-8-639-401","geometry":{"type":"Point","coordinates":[44.82278976894734,36.18590453631575]},"properties":{"id":"locality-cluster-8-639-401","cluster_zoom":8,"expansion_zoom":9.2,"point_count":190,"point_count_abbreviated":"190"}},{"type":"Feature","id":"locality-cluster-8-636-403","geometry":{"type":"Point","coordinates":[43.76432488743902,35.58111645839415]},"properties":{"id":"locality-cluster-8-636-403","cluster_zoom":8,"expansion_zoom":9.2,"point_count":137,"point_count_abbreviated":"137"}},{"type":"Feature","id":"locality-cluster-8-635-403","geometry":{"type":"Point","coordinates":[43.49689671892117,35.61397561542586]},"properties":{"id":"locality-cluster-8-635-403","cluster_zoom":8,"expansion_zoom":9.2,"point_count":83,"point_count_abbreviated":"83"}},{"type":"Feature","id":"locality-cluster-8-635-401","geometry":{"type":"Point","coordinates":[43.41948820767885,36.146933564238424]},"properties":{"id":"locality-cluster-8-635-401","cluster_zoom":8,"expansion_zoom":9.2,"point_count":151,"point_count_abbreviated":"151"}},{"type":"Feature","id":"locality-cluster-8-635-402","geometry":{"type":"Point","coordinates":[43.4739411864007,35.90584525814286]},"properties":{"id":"locality-cluster-8-635-402","cluster_zoom":8,"expansion_zoom":9.2,"point_count":78,"point_count_abbreviated":"78"}},{"type":"Feature","id":"locality-cluster-8-635-404","geometry":{"type":"Point","coordinates":[43.48454769325539,35.34741533951745]},"properties":{"id":"locality-cluster-8-635-404","cluster_zoom":8,"expansion_zoom":9.2,"point_count":86,"point_count_abbreviated":"86"}},{"type":"Feature","id":"locality-cluster-8-638-398","geometry":{"type":"Point","coordinates":[44.48995325639099,36.957950518797006]},"properties":{"id":"locality-cluster-8-638-398","cluster_zoom":8,"expansion_zoom":9.2,"point_count":133,"point_count_abbreviated":"133"}},{"type":"Feature","id":"locality-cluster-8-640-399","geometry":{"type":"Point","coordinates":[45.03599900000001,36.66064103157894]},"properties":{"id":"locality-cluster-8-640-399","cluster_zoom":8,"expansion_zoom":9.2,"point_count":19,"point_count_abbreviated":"19"}},{"type":"Feature","id":"locality-cluster-8-638-400","geometry":{"type":"Point","coordinates":[44.49393327202754,36.45858175822512]},"properties":{"id":"locality-cluster-8-638-400","cluster_zoom":8,"expansion_zoom":9.2,"point_count":231,"point_count_abbreviated":"231"}},{"type":"Feature","id":"locality-cluster-8-638-399","geometry":{"type":"Point","coordinates":[44.491225813415056,36.740544140576944]},"properties":{"id":"locality-cluster-8-638-399","cluster_zoom":8,"expansion_zoom":9.2,"point_count":260,"point_count_abbreviated":"260"}},{"type":"Feature","id":"locality-cluster-8-639-400","geometry":{"type":"Point","coordinates":[44.807939935139856,36.446842861087845]},"properties":{"id":"locality-cluster-8-639-400","cluster_zoom":8,"expansion_zoom":9.2,"point_count":239,"point_count_abbreviated":"239"}},{"type":"Feature","id":"locality-cluster-8-640-400","geometry":{"type":"Point","coordinates":[45.08462420909092,36.38547348727273]},"properties":{"id":"locality-cluster-8-640-400","cluster_zoom":8,"expansion_zoom":9.2,"point_count":55,"point_count_abbreviated":"55"}},{"type":"Feature","id":"locality-cluster-8-639-399","geometry":{"type":"Point","coordinates":[44.768751378465915,36.725274039062484]},"properties":{"id":"locality-cluster-8-639-399","cluster_zoom":8,"expansion_zoom":9.2,"point_count":224,"point_count_abbreviated":"224"}},{"type":"Feature","id":"locality-cluster-8-639-398","geometry":{"type":"Point","coordinates":[44.73465559508196,36.98824575737706]},"properties":{"id":"locality-cluster-8-639-398","cluster_zoom":8,"expansion_zoom":9.2,"point_count":61,"point_count_abbreviated":"61"}},{"type":"Feature","id":"locality-cluster-8-636-404","geometry":{"type":"Point","coordinates":[43.78737465389611,35.31803104707793]},"properties":{"id":"locality-cluster-8-636-404","cluster_zoom":8,"expansion_zoom":9.2,"point_count":308,"point_count_abbreviated":"308"}},{"type":"Feature","id":"locality-cluster-8-637-404","geometry":{"type":"Point","coordinates":[44.11337985804448,35.32595552962962]},"properties":{"id":"locality-cluster-8-637-404","cluster_zoom":8,"expansion_zoom":9.2,"point_count":162,"point_count_abbreviated":"162"}},{"type":"Feature","id":"locality-cluster-8-636-405","geometry":{"type":"Point","coordinates":[43.76662654907409,35.10177640555556]},"properties":{"id":"locality-cluster-8-636-405","cluster_zoom":8,"expansion_zoom":9.2,"point_count":108,"point_count_abbreviated":"108"}},{"type":"Feature","id":"locality-cluster-8-635-405","geometry":{"type":"Point","coordinates":[43.56601137142858,35.13432988571428]},"properties":{"id":"locality-cluster-8-635-405","cluster_zoom":8,"expansion_zoom":9.2,"point_count":7,"point_count_abbreviated":"7"}},{"type":"Feature","id":"locality-cluster-8-637-403","geometry":{"type":"Point","coordinates":[44.13480120500001,35.60306856583331]},"properties":{"id":"locality-cluster-8-637-403","cluster_zoom":8,"expansion_zoom":9.2,"point_count":120,"point_count_abbreviated":"120"}},{"type":"Feature","id":"locality-cluster-8-638-405","geometry":{"type":"Point","coordinates":[44.409160888332686,35.03780145864661]},"properties":{"id":"locality-cluster-8-638-405","cluster_zoom":8,"expansion_zoom":9.2,"point_count":133,"point_count_abbreviated":"133"}},{"type":"Feature","id":"locality-cluster-8-637-406","geometry":{"type":"Point","coordinates":[44.2172181125,34.83102175625]},"properties":{"id":"locality-cluster-8-637-406","cluster_zoom":8,"expansion_zoom":9.2,"point_count":16,"point_count_abbreviated":"16"}},{"type":"Feature","id":"locality-cluster-8-638-406","geometry":{"type":"Point","coordinates":[44.49065205652174,34.7620162637681]},"properties":{"id":"locality-cluster-8-638-406","cluster_zoom":8,"expansion_zoom":9.2,"point_count":69,"point_count_abbreviated":"69"}},{"type":"Feature","id":"locality-cluster-8-637-405","geometry":{"type":"Point","coordinates":[44.148547490762226,35.04032461333333]},"properties":{"id":"locality-cluster-8-637-405","cluster_zoom":8,"expansion_zoom":9.2,"point_count":90,"point_count_abbreviated":"90"}},{"type":"Feature","id":"locality-cluster-8-638-404","geometry":{"type":"Point","coordinates":[44.43782001041973,35.35406818535716]},"properties":{"id":"locality-cluster-8-638-404","cluster_zoom":8,"expansion_zoom":9.2,"point_count":140,"point_count_abbreviated":"140"}},{"type":"Feature","id":"locality-cluster-8-638-403","geometry":{"type":"Point","coordinates":[44.454831759868426,35.60233822236843]},"properties":{"id":"locality-cluster-8-638-403","cluster_zoom":8,"expansion_zoom":9.2,"point_count":152,"point_count_abbreviated":"152"}},{"type":"Feature","id":"locality-cluster-8-639-403","geometry":{"type":"Point","coordinates":[44.85696196889711,35.60026835279503]},"properties":{"id":"locality-cluster-8-639-403","cluster_zoom":8,"expansion_zoom":9.2,"point_count":161,"point_count_abbreviated":"161"}},{"type":"Feature","id":"locality-cluster-8-639-404","geometry":{"type":"Point","coordinates":[44.83605210349675,35.320424868085105]},"properties":{"id":"locality-cluster-8-639-404","cluster_zoom":8,"expansion_zoom":9.2,"point_count":141,"point_count_abbreviated":"141"}},{"type":"Feature","id":"locality-cluster-8-629-400","geometry":{"type":"Point","coordinates":[41.4301796297307,36.479243055]},"properties":{"id":"locality-cluster-8-629-400","cluster_zoom":8,"expansion_zoom":9.2,"point_count":10,"point_count_abbreviated":"10"}},{"type":"Feature","id":"locality-cluster-8-630-401","geometry":{"type":"Point","coordinates":[41.69994716368497,36.189801658196714]},"properties":{"id":"locality-cluster-8-630-401","cluster_zoom":8,"expansion_zoom":9.2,"point_count":61,"point_count_abbreviated":"61"}},{"type":"Feature","id":"locality-cluster-8-629-401","geometry":{"type":"Point","coordinates":[41.436264375,36.2025040375]},"properties":{"id":"locality-cluster-8-629-401","cluster_zoom":8,"expansion_zoom":9.2,"point_count":8,"point_count_abbreviated":"8"}},{"type":"Feature","id":"locality-cluster-8-630-400","geometry":{"type":"Point","coordinates":[41.65930020676743,36.43782860520833]},"properties":{"id":"locality-cluster-8-630-400","cluster_zoom":8,"expansion_zoom":9.2,"point_count":48,"point_count_abbreviated":"48"}},{"type":"Feature","id":"locality-cluster-8-635-400","geometry":{"type":"Point","coordinates":[43.425453124826284,36.45993537500002]},"properties":{"id":"locality-cluster-8-635-400","cluster_zoom":8,"expansion_zoom":9.2,"point_count":138,"point_count_abbreviated":"138"}},{"type":"Feature","id":"locality-cluster-8-634-401","geometry":{"type":"Point","coordinates":[43.20493371541786,36.22899612463158]},"properties":{"id":"locality-cluster-8-634-401","cluster_zoom":8,"expansion_zoom":9.2,"point_count":19,"point_count_abbreviated":"19"}},{"type":"Feature","id":"locality-cluster-8-634-400","geometry":{"type":"Point","coordinates":[43.07674627061731,36.48020663000001]},"properties":{"id":"locality-cluster-8-634-400","cluster_zoom":8,"expansion_zoom":9.2,"point_count":105,"point_count_abbreviated":"105"}},{"type":"Feature","id":"locality-cluster-8-631-400","geometry":{"type":"Point","coordinates":[41.99197357903927,36.441858474615394]},"properties":{"id":"locality-cluster-8-631-400","cluster_zoom":8,"expansion_zoom":9.2,"point_count":65,"point_count_abbreviated":"65"}},{"type":"Feature","id":"locality-cluster-8-631-401","geometry":{"type":"Point","coordinates":[41.993843503609945,36.22869439634144]},"properties":{"id":"locality-cluster-8-631-401","cluster_zoom":8,"expansion_zoom":9.2,"point_count":82,"point_count_abbreviated":"82"}},{"type":"Feature","id":"locality-cluster-8-632-401","geometry":{"type":"Point","coordinates":[42.38729245046565,36.22097270909091]},"properties":{"id":"locality-cluster-8-632-401","cluster_zoom":8,"expansion_zoom":9.2,"point_count":22,"point_count_abbreviated":"22"}},{"type":"Feature","id":"locality-cluster-8-632-400","geometry":{"type":"Point","coordinates":[42.37916598235295,36.428765430392126]},"properties":{"id":"locality-cluster-8-632-400","cluster_zoom":8,"expansion_zoom":9.2,"point_count":102,"point_count_abbreviated":"102"}},{"type":"Feature","id":"locality-cluster-8-633-400","geometry":{"type":"Point","coordinates":[42.69919127066271,36.51267000833334]},"properties":{"id":"locality-cluster-8-633-400","cluster_zoom":8,"expansion_zoom":9.2,"point_count":66,"point_count_abbreviated":"66"}},{"type":"Feature","id":"locality-cluster-8-633-401","geometry":{"type":"Point","coordinates":[42.56863153333333,36.18839346666667]},"properties":{"id":"locality-cluster-8-633-401","cluster_zoom":8,"expansion_zoom":9.2,"point_count":6,"point_count_abbreviated":"6"}},{"type":"Feature","id":"locality-cluster-8-632-399","geometry":{"type":"Point","coordinates":[42.38260289180328,36.7267454295082]},"properties":{"id":"locality-cluster-8-632-399","cluster_zoom":8,"expansion_zoom":9.2,"point_count":61,"point_count_abbreviated":"61"}},{"type":"Feature","id":"locality-cluster-8-631-399","geometry":{"type":"Point","coordinates":[42.044537640625,36.69358849062499]},"properties":{"id":"locality-cluster-8-631-399","cluster_zoom":8,"expansion_zoom":9.2,"point_count":32,"point_count_abbreviated":"32"}},{"type":"Feature","id":"locality-cluster-8-638-407","geometry":{"type":"Point","coordinates":[44.56107054615385,34.577193176923075]},"properties":{"id":"locality-cluster-8-638-407","cluster_zoom":8,"expansion_zoom":9.2,"point_count":13,"point_count_abbreviated":"13"}},{"type":"Feature","id":"locality-cluster-8-639-405","geometry":{"type":"Point","coordinates":[44.841008465240556,34.99973705959999]},"properties":{"id":"locality-cluster-8-639-405","cluster_zoom":8,"expansion_zoom":9.2,"point_count":125,"point_count_abbreviated":"125"}},{"type":"Feature","id":"locality-cluster-8-640-404","geometry":{"type":"Point","coordinates":[45.1725245242347,35.32392085561497]},"properties":{"id":"locality-cluster-8-640-404","cluster_zoom":8,"expansion_zoom":9.2,"point_count":187,"point_count_abbreviated":"187"}},{"type":"Feature","id":"locality-cluster-8-641-404","geometry":{"type":"Point","coordinates":[45.54404067791343,35.32599463245616]},"properties":{"id":"locality-cluster-8-641-404","cluster_zoom":8,"expansion_zoom":9.2,"point_count":228,"point_count_abbreviated":"228"}},{"type":"Feature","id":"locality-cluster-8-641-403","geometry":{"type":"Point","coordinates":[45.5047162098331,35.61416535487288]},"properties":{"id":"locality-cluster-8-641-403","cluster_zoom":8,"expansion_zoom":9.2,"point_count":236,"point_count_abbreviated":"236"}},{"type":"Feature","id":"locality-cluster-8-640-403","geometry":{"type":"Point","coordinates":[45.16965502241589,35.604781454797056]},"properties":{"id":"locality-cluster-8-640-403","cluster_zoom":8,"expansion_zoom":9.2,"point_count":271,"point_count_abbreviated":"271"}},{"type":"Feature","id":"locality-cluster-8-640-402","geometry":{"type":"Point","coordinates":[45.14623853964497,35.86733239053255]},"properties":{"id":"locality-cluster-8-640-402","cluster_zoom":8,"expansion_zoom":9.2,"point_count":169,"point_count_abbreviated":"169"}},{"type":"Feature","id":"locality-cluster-8-642-404","geometry":{"type":"Point","coordinates":[45.88394681550007,35.30771356302931]},"properties":{"id":"locality-cluster-8-642-404","cluster_zoom":8,"expansion_zoom":9.2,"point_count":307,"point_count_abbreviated":"307"}},{"type":"Feature","id":"locality-cluster-8-640-405","geometry":{"type":"Point","coordinates":[45.20001009246089,35.03671337664671]},"properties":{"id":"locality-cluster-8-640-405","cluster_zoom":8,"expansion_zoom":9.2,"point_count":167,"point_count_abbreviated":"167"}},{"type":"Feature","id":"locality-cluster-8-643-405","geometry":{"type":"Point","coordinates":[46.09995173772262,35.11020970714286]},"properties":{"id":"locality-cluster-8-643-405","cluster_zoom":8,"expansion_zoom":9.2,"point_count":28,"point_count_abbreviated":"28"}},{"type":"Feature","id":"locality-cluster-8-643-404","geometry":{"type":"Point","coordinates":[46.10433181533607,35.24205234916666]},"properties":{"id":"locality-cluster-8-643-404","cluster_zoom":8,"expansion_zoom":9.2,"point_count":60,"point_count_abbreviated":"60"}},{"type":"Feature","id":"locality-cluster-8-642-403","geometry":{"type":"Point","coordinates":[45.85838214357796,35.61452725412846]},"properties":{"id":"locality-cluster-8-642-403","cluster_zoom":8,"expansion_zoom":9.2,"point_count":218,"point_count_abbreviated":"218"}},{"type":"Feature","id":"locality-cluster-8-643-403","geometry":{"type":"Point","coordinates":[46.13476579411764,35.72749852352941]},"properties":{"id":"locality-cluster-8-643-403","cluster_zoom":8,"expansion_zoom":9.2,"point_count":17,"point_count_abbreviated":"17"}},{"type":"Feature","id":"locality-cluster-8-642-402","geometry":{"type":"Point","coordinates":[45.88288720306121,35.788408067346936]},"properties":{"id":"locality-cluster-8-642-402","cluster_zoom":8,"expansion_zoom":9.2,"point_count":98,"point_count_abbreviated":"98"}},{"type":"Feature","id":"locality-cluster-8-643-402","geometry":{"type":"Point","coordinates":[46.19205012820513,35.778586189743585]},"properties":{"id":"locality-cluster-8-643-402","cluster_zoom":8,"expansion_zoom":9.2,"point_count":39,"point_count_abbreviated":"39"}},{"type":"Feature","id":"locality-cluster-8-640-401","geometry":{"type":"Point","coordinates":[45.181828550609765,36.1798521832317]},"properties":{"id":"locality-cluster-8-640-401","cluster_zoom":8,"expansion_zoom":9.2,"point_count":328,"point_count_abbreviated":"328"}},{"type":"Feature","id":"locality-cluster-8-641-401","geometry":{"type":"Point","coordinates":[45.35759298888888,36.07080833333333]},"properties":{"id":"locality-cluster-8-641-401","cluster_zoom":8,"expansion_zoom":9.2,"point_count":9,"point_count_abbreviated":"9"}},{"type":"Feature","id":"locality-cluster-8-641-402","geometry":{"type":"Point","coordinates":[45.50840828192775,35.87255697429719]},"properties":{"id":"locality-cluster-8-641-402","cluster_zoom":8,"expansion_zoom":9.2,"point_count":249,"point_count_abbreviated":"249"}},{"type":"Feature","id":"locality-cluster-9-1282-818","geometry":{"type":"Point","coordinates":[45.40554511,33.93342252]},"properties":{"id":"locality-cluster-9-1282-818","cluster_zoom":9,"expansion_zoom":10.4,"point_count":10,"point_count_abbreviated":"10"}},{"type":"Feature","id":"locality-cluster-9-1282-820","geometry":{"type":"Point","coordinates":[45.414782254285704,33.680771802857144]},"properties":{"id":"locality-cluster-9-1282-820","cluster_zoom":9,"expansion_zoom":10.4,"point_count":35,"point_count_abbreviated":"35"}},{"type":"Feature","id":"locality-cluster-9-1282-819","geometry":{"type":"Point","coordinates":[45.44165889130435,33.80112295797103]},"properties":{"id":"locality-cluster-9-1282-819","cluster_zoom":9,"expansion_zoom":10.4,"point_count":69,"point_count_abbreviated":"69"}},{"type":"Feature","id":"locality-cluster-9-1281-819","geometry":{"type":"Point","coordinates":[45.30982985,33.82693909]},"properties":{"id":"locality-cluster-9-1281-819","cluster_zoom":9,"expansion_zoom":10.4,"point_count":20,"point_count_abbreviated":"20"}},{"type":"Feature","id":"locality-cluster-9-1281-820","geometry":{"type":"Point","coordinates":[45.324050895000006,33.618408655]},"properties":{"id":"locality-cluster-9-1281-820","cluster_zoom":9,"expansion_zoom":10.4,"point_count":20,"point_count_abbreviated":"20"}},{"type":"Feature","id":"locality-cluster-9-1281-818","geometry":{"type":"Point","coordinates":[45.247777821739135,33.95915879130435]},"properties":{"id":"locality-cluster-9-1281-818","cluster_zoom":9,"expansion_zoom":10.4,"point_count":23,"point_count_abbreviated":"23"}},{"type":"Feature","id":"locality-cluster-9-1283-819","geometry":{"type":"Point","coordinates":[45.56719458421051,33.76853122105265]},"properties":{"id":"locality-cluster-9-1283-819","cluster_zoom":9,"expansion_zoom":10.4,"point_count":19,"point_count_abbreviated":"19"}},{"type":"Feature","id":"locality-cluster-9-1281-821","geometry":{"type":"Point","coordinates":[45.2849542857143,33.51325071428572]},"properties":{"id":"locality-cluster-9-1281-821","cluster_zoom":9,"expansion_zoom":10.4,"point_count":14,"point_count_abbreviated":"14"}},{"type":"Feature","id":"locality-cluster-9-1283-820","geometry":{"type":"Point","coordinates":[45.5888886,33.69954711666667]},"properties":{"id":"locality-cluster-9-1283-820","cluster_zoom":9,"expansion_zoom":10.4,"point_count":6,"point_count_abbreviated":"6"}},{"type":"Feature","id":"locality-cluster-9-1280-817","geometry":{"type":"Point","coordinates":[45.1044848414634,34.10634013902438]},"properties":{"id":"locality-cluster-9-1280-817","cluster_zoom":9,"expansion_zoom":10.4,"point_count":41,"point_count_abbreviated":"41"}},{"type":"Feature","id":"locality-cluster-9-1280-816","geometry":{"type":"Point","coordinates":[45.104007852816444,34.22875181171875]},"properties":{"id":"locality-cluster-9-1280-816","cluster_zoom":9,"expansion_zoom":10.4,"point_count":64,"point_count_abbreviated":"64"}},{"type":"Feature","id":"locality-cluster-9-1283-814","geometry":{"type":"Point","coordinates":[45.60438088086884,34.556377266185144]},"properties":{"id":"locality-cluster-9-1283-814","cluster_zoom":9,"expansion_zoom":10.4,"point_count":12,"point_count_abbreviated":"12"}},{"type":"Feature","id":"locality-cluster-9-1283-810","geometry":{"type":"Point","coordinates":[45.638587610857904,35.096181182291666]},"properties":{"id":"locality-cluster-9-1283-810","cluster_zoom":9,"expansion_zoom":10.4,"point_count":48,"point_count_abbreviated":"48"}},{"type":"Feature","id":"locality-cluster-9-1283-816","geometry":{"type":"Point","coordinates":[45.5449319875,34.2484333375]},"properties":{"id":"locality-cluster-9-1283-816","cluster_zoom":9,"expansion_zoom":10.4,"point_count":8,"point_count_abbreviated":"8"}},{"type":"Feature","id":"locality-cluster-9-1284-812","geometry":{"type":"Point","coordinates":[45.72504634,34.869328640000006]},"properties":{"id":"locality-cluster-9-1284-812","cluster_zoom":9,"expansion_zoom":10.4,"point_count":10,"point_count_abbreviated":"10"}},{"type":"Feature","id":"locality-cluster-9-1282-815","geometry":{"type":"Point","coordinates":[45.39928468541667,34.36007488124999]},"properties":{"id":"locality-cluster-9-1282-815","cluster_zoom":9,"expansion_zoom":10.4,"point_count":48,"point_count_abbreviated":"48"}},{"type":"Feature","id":"locality-cluster-9-1281-815","geometry":{"type":"Point","coordinates":[45.27476171363926,34.37572060381356]},"properties":{"id":"locality-cluster-9-1281-815","cluster_zoom":9,"expansion_zoom":10.4,"point_count":118,"point_count_abbreviated":"118"}},{"type":"Feature","id":"locality-cluster-9-1281-817","geometry":{"type":"Point","coordinates":[45.22634587777779,34.068004011111114]},"properties":{"id":"locality-cluster-9-1281-817","cluster_zoom":9,"expansion_zoom":10.4,"point_count":36,"point_count_abbreviated":"36"}},{"type":"Feature","id":"locality-cluster-9-1282-817","geometry":{"type":"Point","coordinates":[45.43274680909092,34.073461563636364]},"properties":{"id":"locality-cluster-9-1282-817","cluster_zoom":9,"expansion_zoom":10.4,"point_count":11,"point_count_abbreviated":"11"}},{"type":"Feature","id":"locality-cluster-9-1283-811","geometry":{"type":"Point","coordinates":[45.611329003508764,34.940794843859635]},"properties":{"id":"locality-cluster-9-1283-811","cluster_zoom":9,"expansion_zoom":10.4,"point_count":57,"point_count_abbreviated":"57"}},{"type":"Feature","id":"locality-cluster-9-1280-815","geometry":{"type":"Point","coordinates":[45.08511535306122,34.39127948163265]},"properties":{"id":"locality-cluster-9-1280-815","cluster_zoom":9,"expansion_zoom":10.4,"point_count":49,"point_count_abbreviated":"49"}},{"type":"Feature","id":"locality-cluster-9-1283-813","geometry":{"type":"Point","coordinates":[45.61371798365574,34.674056998275866]},"properties":{"id":"locality-cluster-9-1283-813","cluster_zoom":9,"expansion_zoom":10.4,"point_count":29,"point_count_abbreviated":"29"}},{"type":"Feature","id":"locality-cluster-9-1282-813","geometry":{"type":"Point","coordinates":[45.44349809529945,34.66169461250001]},"properties":{"id":"locality-cluster-9-1282-813","cluster_zoom":9,"expansion_zoom":10.4,"point_count":52,"point_count_abbreviated":"52"}},{"type":"Feature","id":"locality-cluster-9-1282-814","geometry":{"type":"Point","coordinates":[45.42626280054418,34.52474684558824]},"properties":{"id":"locality-cluster-9-1282-814","cluster_zoom":9,"expansion_zoom":10.4,"point_count":34,"point_count_abbreviated":"34"}},{"type":"Feature","id":"locality-cluster-9-1281-814","geometry":{"type":"Point","coordinates":[45.283260456756736,34.52144578918919]},"properties":{"id":"locality-cluster-9-1281-814","cluster_zoom":9,"expansion_zoom":10.4,"point_count":74,"point_count_abbreviated":"74"}},{"type":"Feature","id":"locality-cluster-9-1279-816","geometry":{"type":"Point","coordinates":[44.9485955,34.25711666666666]},"properties":{"id":"locality-cluster-9-1279-816","cluster_zoom":9,"expansion_zoom":10.4,"point_count":6,"point_count_abbreviated":"6"}},{"type":"Feature","id":"locality-cluster-9-1283-812","geometry":{"type":"Point","coordinates":[45.613722450000004,34.82620719117648]},"properties":{"id":"locality-cluster-9-1283-812","cluster_zoom":9,"expansion_zoom":10.4,"point_count":34,"point_count_abbreviated":"34"}},{"type":"Feature","id":"locality-cluster-9-1281-816","geometry":{"type":"Point","coordinates":[45.25604998529412,34.24511852352942]},"properties":{"id":"locality-cluster-9-1281-816","cluster_zoom":9,"expansion_zoom":10.4,"point_count":34,"point_count_abbreviated":"34"}},{"type":"Feature","id":"locality-cluster-9-1284-811","geometry":{"type":"Point","coordinates":[45.79315585000001,34.97219562954547]},"properties":{"id":"locality-cluster-9-1284-811","cluster_zoom":9,"expansion_zoom":10.4,"point_count":44,"point_count_abbreviated":"44"}},{"type":"Feature","id":"locality-cluster-9-1282-816","geometry":{"type":"Point","coordinates":[45.45574885714286,34.23902475714285]},"properties":{"id":"locality-cluster-9-1282-816","cluster_zoom":9,"expansion_zoom":10.4,"point_count":7,"point_count_abbreviated":"7"}},{"type":"Feature","id":"locality-cluster-9-1284-810","geometry":{"type":"Point","coordinates":[45.79514558287244,35.103740774444454]},"properties":{"id":"locality-cluster-9-1284-810","cluster_zoom":9,"expansion_zoom":10.4,"point_count":45,"point_count_abbreviated":"45"}},{"type":"Feature","id":"locality-cluster-9-1284-814","geometry":{"type":"Point","coordinates":[45.724305,34.56778]},"properties":{"id":"locality-cluster-9-1284-814","cluster_zoom":9,"expansion_zoom":10.4,"point_count":2,"point_count_abbreviated":"2"}},{"type":"Feature","id":"locality-cluster-9-1281-813","geometry":{"type":"Point","coordinates":[45.26490885384616,34.67319219230769]},"properties":{"id":"locality-cluster-9-1281-813","cluster_zoom":9,"expansion_zoom":10.4,"point_count":26,"point_count_abbreviated":"26"}},{"type":"Feature","id":"locality-cluster-9-1282-812","geometry":{"type":"Point","coordinates":[45.4554148734694,34.80596393265306]},"properties":{"id":"locality-cluster-9-1282-812","cluster_zoom":9,"expansion_zoom":10.4,"point_count":49,"point_count_abbreviated":"49"}},{"type":"Feature","id":"locality-cluster-9-1280-814","geometry":{"type":"Point","coordinates":[45.091642120307306,34.51070351578948]},"properties":{"id":"locality-cluster-9-1280-814","cluster_zoom":9,"expansion_zoom":10.4,"point_count":57,"point_count_abbreviated":"57"}},{"type":"Feature","id":"locality-cluster-9-1279-813","geometry":{"type":"Point","coordinates":[44.88887004193548,34.652768493548386]},"properties":{"id":"locality-cluster-9-1279-813","cluster_zoom":9,"expansion_zoom":10.4,"point_count":31,"point_count_abbreviated":"31"}},{"type":"Feature","id":"locality-cluster-9-1279-815","geometry":{"type":"Point","coordinates":[44.926909349999995,34.393610691176455]},"properties":{"id":"locality-cluster-9-1279-815","cluster_zoom":9,"expansion_zoom":10.4,"point_count":34,"point_count_abbreviated":"34"}},{"type":"Feature","id":"locality-cluster-9-1278-815","geometry":{"type":"Point","coordinates":[44.797666199999995,34.43223833636363]},"properties":{"id":"locality-cluster-9-1278-815","cluster_zoom":9,"expansion_zoom":10.4,"point_count":11,"point_count_abbreviated":"11"}},{"type":"Feature","id":"locality-cluster-9-1280-813","geometry":{"type":"Point","coordinates":[45.087857639999996,34.67457475500001]},"properties":{"id":"locality-cluster-9-1280-813","cluster_zoom":9,"expansion_zoom":10.4,"point_count":40,"point_count_abbreviated":"40"}},{"type":"Feature","id":"locality-cluster-9-1278-814","geometry":{"type":"Point","coordinates":[44.7541492875,34.52032678125]},"properties":{"id":"locality-cluster-9-1278-814","cluster_zoom":9,"expansion_zoom":10.4,"point_count":16,"point_count_abbreviated":"16"}},{"type":"Feature","id":"locality-cluster-9-1279-814","geometry":{"type":"Point","coordinates":[44.903445547220926,34.534563485999996]},"properties":{"id":"locality-cluster-9-1279-814","cluster_zoom":9,"expansion_zoom":10.4,"point_count":25,"point_count_abbreviated":"25"}},{"type":"Feature","id":"locality-cluster-9-1279-812","geometry":{"type":"Point","coordinates":[44.928443093271405,34.81169411052632]},"properties":{"id":"locality-cluster-9-1279-812","cluster_zoom":9,"expansion_zoom":10.4,"point_count":19,"point_count_abbreviated":"19"}},{"type":"Feature","id":"locality-cluster-9-1280-812","geometry":{"type":"Point","coordinates":[45.08125355404408,34.82525487162161]},"properties":{"id":"locality-cluster-9-1280-812","cluster_zoom":9,"expansion_zoom":10.4,"point_count":37,"point_count_abbreviated":"37"}},{"type":"Feature","id":"locality-cluster-9-1278-813","geometry":{"type":"Point","coordinates":[44.739803010526316,34.6743767631579]},"properties":{"id":"locality-cluster-9-1278-813","cluster_zoom":9,"expansion_zoom":10.4,"point_count":19,"point_count_abbreviated":"19"}},{"type":"Feature","id":"locality-cluster-9-1274-795","geometry":{"type":"Point","coordinates":[44.02205413424212,37.229952302631574]},"properties":{"id":"locality-cluster-9-1274-795","cluster_zoom":9,"expansion_zoom":10.4,"point_count":38,"point_count_abbreviated":"38"}},{"type":"Feature","id":"locality-cluster-9-1270-795","geometry":{"type":"Point","coordinates":[43.323868187322574,37.21231337211538]},"properties":{"id":"locality-cluster-9-1270-795","cluster_zoom":9,"expansion_zoom":10.4,"point_count":52,"point_count_abbreviated":"52"}},{"type":"Feature","id":"locality-cluster-9-1271-797","geometry":{"type":"Point","coordinates":[43.504868063482874,36.94636054705881]},"properties":{"id":"locality-cluster-9-1271-797","cluster_zoom":9,"expansion_zoom":10.4,"point_count":17,"point_count_abbreviated":"17"}},{"type":"Feature","id":"locality-cluster-9-1273-795","geometry":{"type":"Point","coordinates":[43.862699824805404,37.18763467826086]},"properties":{"id":"locality-cluster-9-1273-795","cluster_zoom":9,"expansion_zoom":10.4,"point_count":23,"point_count_abbreviated":"23"}},{"type":"Feature","id":"locality-cluster-9-1272-796","geometry":{"type":"Point","coordinates":[43.678422445393345,37.070956369512196]},"properties":{"id":"locality-cluster-9-1272-796","cluster_zoom":9,"expansion_zoom":10.4,"point_count":41,"point_count_abbreviated":"41"}},{"type":"Feature","id":"locality-cluster-9-1274-796","geometry":{"type":"Point","coordinates":[44.04898728695652,37.090087689130435]},"properties":{"id":"locality-cluster-9-1274-796","cluster_zoom":9,"expansion_zoom":10.4,"point_count":46,"point_count_abbreviated":"46"}},{"type":"Feature","id":"locality-cluster-9-1271-795","geometry":{"type":"Point","coordinates":[43.48619131123713,37.20853466212122]},"properties":{"id":"locality-cluster-9-1271-795","cluster_zoom":9,"expansion_zoom":10.4,"point_count":33,"point_count_abbreviated":"33"}},{"type":"Feature","id":"locality-cluster-9-1272-795","geometry":{"type":"Point","coordinates":[43.670305158823524,37.1919333]},"properties":{"id":"locality-cluster-9-1272-795","cluster_zoom":9,"expansion_zoom":10.4,"point_count":17,"point_count_abbreviated":"17"}},{"type":"Feature","id":"locality-cluster-9-1271-796","geometry":{"type":"Point","coordinates":[43.516921823969945,37.074877134883714]},"properties":{"id":"locality-cluster-9-1271-796","cluster_zoom":9,"expansion_zoom":10.4,"point_count":43,"point_count_abbreviated":"43"}},{"type":"Feature","id":"locality-cluster-9-1269-796","geometry":{"type":"Point","coordinates":[43.17346382387434,37.094387340000004]},"properties":{"id":"locality-cluster-9-1269-796","cluster_zoom":9,"expansion_zoom":10.4,"point_count":35,"point_count_abbreviated":"35"}},{"type":"Feature","id":"locality-cluster-9-1269-795","geometry":{"type":"Point","coordinates":[43.1532822839647,37.21218238020833]},"properties":{"id":"locality-cluster-9-1269-795","cluster_zoom":9,"expansion_zoom":10.4,"point_count":48,"point_count_abbreviated":"48"}},{"type":"Feature","id":"locality-cluster-9-1270-794","geometry":{"type":"Point","coordinates":[43.355551500000004,37.301305]},"properties":{"id":"locality-cluster-9-1270-794","cluster_zoom":9,"expansion_zoom":10.4,"point_count":2,"point_count_abbreviated":"2"}},{"type":"Feature","id":"locality-cluster-9-1272-797","geometry":{"type":"Point","coordinates":[43.68667434687364,36.946777274999995]},"properties":{"id":"locality-cluster-9-1272-797","cluster_zoom":9,"expansion_zoom":10.4,"point_count":16,"point_count_abbreviated":"16"}},{"type":"Feature","id":"locality-cluster-9-1269-794","geometry":{"type":"Point","coordinates":[43.1302429,37.329241200000006]},"properties":{"id":"locality-cluster-9-1269-794","cluster_zoom":9,"expansion_zoom":10.4,"point_count":10,"point_count_abbreviated":"10"}},{"type":"Feature","id":"locality-cluster-9-1270-796","geometry":{"type":"Point","coordinates":[43.32400924262764,37.07770661000001]},"properties":{"id":"locality-cluster-9-1270-796","cluster_zoom":9,"expansion_zoom":10.4,"point_count":40,"point_count_abbreviated":"40"}},{"type":"Feature","id":"locality-cluster-9-1273-796","geometry":{"type":"Point","coordinates":[43.84430212377323,37.076877970000005]},"properties":{"id":"locality-cluster-9-1273-796","cluster_zoom":9,"expansion_zoom":10.4,"point_count":30,"point_count_abbreviated":"30"}},{"type":"Feature","id":"locality-cluster-9-1273-797","geometry":{"type":"Point","coordinates":[43.84371274235312,36.966644212903226]},"properties":{"id":"locality-cluster-9-1273-797","cluster_zoom":9,"expansion_zoom":10.4,"point_count":31,"point_count_abbreviated":"31"}},{"type":"Feature","id":"locality-cluster-9-1272-798","geometry":{"type":"Point","coordinates":[43.68186869584008,36.80440479326924]},"properties":{"id":"locality-cluster-9-1272-798","cluster_zoom":9,"expansion_zoom":10.4,"point_count":52,"point_count_abbreviated":"52"}},{"type":"Feature","id":"locality-cluster-9-1270-797","geometry":{"type":"Point","coordinates":[43.32268585714286,36.934271825]},"properties":{"id":"locality-cluster-9-1270-797","cluster_zoom":9,"expansion_zoom":10.4,"point_count":28,"point_count_abbreviated":"28"}},{"type":"Feature","id":"locality-cluster-9-1274-794","geometry":{"type":"Point","coordinates":[44.0432353,37.318730450000004]},"properties":{"id":"locality-cluster-9-1274-794","cluster_zoom":9,"expansion_zoom":10.4,"point_count":2,"point_count_abbreviated":"2"}},{"type":"Feature","id":"locality-cluster-9-1271-798","geometry":{"type":"Point","coordinates":[43.49824423520197,36.79813931779661]},"properties":{"id":"locality-cluster-9-1271-798","cluster_zoom":9,"expansion_zoom":10.4,"point_count":59,"point_count_abbreviated":"59"}},{"type":"Feature","id":"locality-cluster-9-1269-797","geometry":{"type":"Point","coordinates":[43.1584338375,36.959519125]},"properties":{"id":"locality-cluster-9-1269-797","cluster_zoom":9,"expansion_zoom":10.4,"point_count":40,"point_count_abbreviated":"40"}},{"type":"Feature","id":"locality-cluster-9-1269-798","geometry":{"type":"Point","coordinates":[43.158297889527546,36.81866182195122]},"properties":{"id":"locality-cluster-9-1269-798","cluster_zoom":9,"expansion_zoom":10.4,"point_count":41,"point_count_abbreviated":"41"}},{"type":"Feature","id":"locality-cluster-9-1268-797","geometry":{"type":"Point","coordinates":[42.98409378278861,36.95485306477272]},"properties":{"id":"locality-cluster-9-1268-797","cluster_zoom":9,"expansion_zoom":10.4,"point_count":44,"point_count_abbreviated":"44"}},{"type":"Feature","id":"locality-cluster-9-1268-798","geometry":{"type":"Point","coordinates":[42.96295314338024,36.813272948958335]},"properties":{"id":"locality-cluster-9-1268-798","cluster_zoom":9,"expansion_zoom":10.4,"point_count":48,"point_count_abbreviated":"48"}},{"type":"Feature","id":"locality-cluster-9-1268-796","geometry":{"type":"Point","coordinates":[42.97368325087721,37.10131566666667]},"properties":{"id":"locality-cluster-9-1268-796","cluster_zoom":9,"expansion_zoom":10.4,"point_count":57,"point_count_abbreviated":"57"}},{"type":"Feature","id":"locality-cluster-9-1267-797","geometry":{"type":"Point","coordinates":[42.796100528947385,36.940034028947366]},"properties":{"id":"locality-cluster-9-1267-797","cluster_zoom":9,"expansion_zoom":10.4,"point_count":38,"point_count_abbreviated":"38"}},{"type":"Feature","id":"locality-cluster-9-1267-796","geometry":{"type":"Point","coordinates":[42.80602541249999,37.09009895749999]},"properties":{"id":"locality-cluster-9-1267-796","cluster_zoom":9,"expansion_zoom":10.4,"point_count":40,"point_count_abbreviated":"40"}},{"type":"Feature","id":"locality-cluster-9-1270-798","geometry":{"type":"Point","coordinates":[43.32827046063301,36.80278636666668]},"properties":{"id":"locality-cluster-9-1270-798","cluster_zoom":9,"expansion_zoom":10.4,"point_count":63,"point_count_abbreviated":"63"}},{"type":"Feature","id":"locality-cluster-9-1266-797","geometry":{"type":"Point","coordinates":[42.63403999310344,36.954484168965514]},"properties":{"id":"locality-cluster-9-1266-797","cluster_zoom":9,"expansion_zoom":10.4,"point_count":29,"point_count_abbreviated":"29"}},{"type":"Feature","id":"locality-cluster-9-1267-798","geometry":{"type":"Point","coordinates":[42.80271506756757,36.81550714864864]},"properties":{"id":"locality-cluster-9-1267-798","cluster_zoom":9,"expansion_zoom":10.4,"point_count":37,"point_count_abbreviated":"37"}},{"type":"Feature","id":"locality-cluster-9-1267-799","geometry":{"type":"Point","coordinates":[42.81548036666667,36.67085972222222]},"properties":{"id":"locality-cluster-9-1267-799","cluster_zoom":9,"expansion_zoom":10.4,"point_count":27,"point_count_abbreviated":"27"}},{"type":"Feature","id":"locality-cluster-9-1265-796","geometry":{"type":"Point","coordinates":[42.45814727500001,37.07040389642857]},"properties":{"id":"locality-cluster-9-1265-796","cluster_zoom":9,"expansion_zoom":10.4,"point_count":28,"point_count_abbreviated":"28"}},{"type":"Feature","id":"locality-cluster-9-1266-796","geometry":{"type":"Point","coordinates":[42.62551571052632,37.10540558947368]},"properties":{"id":"locality-cluster-9-1266-796","cluster_zoom":9,"expansion_zoom":10.4,"point_count":38,"point_count_abbreviated":"38"}},{"type":"Feature","id":"locality-cluster-9-1268-799","geometry":{"type":"Point","coordinates":[42.97577233515183,36.67310700256409]},"properties":{"id":"locality-cluster-9-1268-799","cluster_zoom":9,"expansion_zoom":10.4,"point_count":39,"point_count_abbreviated":"39"}},{"type":"Feature","id":"locality-cluster-9-1265-797","geometry":{"type":"Point","coordinates":[42.4572291375,36.95031935000001]},"properties":{"id":"locality-cluster-9-1265-797","cluster_zoom":9,"expansion_zoom":10.4,"point_count":16,"point_count_abbreviated":"16"}},{"type":"Feature","id":"locality-cluster-9-1266-798","geometry":{"type":"Point","coordinates":[42.61373591198696,36.79190901136363]},"properties":{"id":"locality-cluster-9-1266-798","cluster_zoom":9,"expansion_zoom":10.4,"point_count":22,"point_count_abbreviated":"22"}},{"type":"Feature","id":"locality-cluster-9-1268-795","geometry":{"type":"Point","coordinates":[42.97818571372549,37.213058549019614]},"properties":{"id":"locality-cluster-9-1268-795","cluster_zoom":9,"expansion_zoom":10.4,"point_count":51,"point_count_abbreviated":"51"}},{"type":"Feature","id":"locality-cluster-9-1267-795","geometry":{"type":"Point","coordinates":[42.803643804716685,37.230338815306126]},"properties":{"id":"locality-cluster-9-1267-795","cluster_zoom":9,"expansion_zoom":10.4,"point_count":49,"point_count_abbreviated":"49"}},{"type":"Feature","id":"locality-cluster-9-1267-794","geometry":{"type":"Point","coordinates":[42.81689455,37.33097719999999]},"properties":{"id":"locality-cluster-9-1267-794","cluster_zoom":9,"expansion_zoom":10.4,"point_count":4,"point_count_abbreviated":"4"}},{"type":"Feature","id":"locality-cluster-9-1266-795","geometry":{"type":"Point","coordinates":[42.661421568621215,37.218558389069976]},"properties":{"id":"locality-cluster-9-1266-795","cluster_zoom":9,"expansion_zoom":10.4,"point_count":6,"point_count_abbreviated":"6"}},{"type":"Feature","id":"locality-cluster-9-1268-794","geometry":{"type":"Point","coordinates":[42.9657117,37.31533314]},"properties":{"id":"locality-cluster-9-1268-794","cluster_zoom":9,"expansion_zoom":10.4,"point_count":5,"point_count_abbreviated":"5"}},{"type":"Feature","id":"locality-cluster-9-1274-797","geometry":{"type":"Point","coordinates":[44.027584304,36.93232948]},"properties":{"id":"locality-cluster-9-1274-797","cluster_zoom":9,"expansion_zoom":10.4,"point_count":25,"point_count_abbreviated":"25"}},{"type":"Feature","id":"locality-cluster-9-1275-797","geometry":{"type":"Point","coordinates":[44.21530673333398,36.952596164444444]},"properties":{"id":"locality-cluster-9-1275-797","cluster_zoom":9,"expansion_zoom":10.4,"point_count":45,"point_count_abbreviated":"45"}},{"type":"Feature","id":"locality-cluster-9-1275-795","geometry":{"type":"Point","coordinates":[44.209653274999994,37.214738019999984]},"properties":{"id":"locality-cluster-9-1275-795","cluster_zoom":9,"expansion_zoom":10.4,"point_count":20,"point_count_abbreviated":"20"}},{"type":"Feature","id":"locality-cluster-9-1274-798","geometry":{"type":"Point","coordinates":[44.043561763636355,36.82109282954545]},"properties":{"id":"locality-cluster-9-1274-798","cluster_zoom":9,"expansion_zoom":10.4,"point_count":44,"point_count_abbreviated":"44"}},{"type":"Feature","id":"locality-cluster-9-1275-796","geometry":{"type":"Point","coordinates":[44.18332242857143,37.08205328571428]},"properties":{"id":"locality-cluster-9-1275-796","cluster_zoom":9,"expansion_zoom":10.4,"point_count":7,"point_count_abbreviated":"7"}},{"type":"Feature","id":"locality-cluster-9-1274-802","geometry":{"type":"Point","coordinates":[44.05166482333334,36.23146296333333]},"properties":{"id":"locality-cluster-9-1274-802","cluster_zoom":9,"expansion_zoom":10.4,"point_count":30,"point_count_abbreviated":"30"}},{"type":"Feature","id":"locality-cluster-9-1273-804","geometry":{"type":"Point","coordinates":[43.86583926757073,35.97371283333333]},"properties":{"id":"locality-cluster-9-1273-804","cluster_zoom":9,"expansion_zoom":10.4,"point_count":27,"point_count_abbreviated":"27"}},{"type":"Feature","id":"locality-cluster-9-1274-805","geometry":{"type":"Point","coordinates":[44.06437473885381,35.82503317173913]},"properties":{"id":"locality-cluster-9-1274-805","cluster_zoom":9,"expansion_zoom":10.4,"point_count":23,"point_count_abbreviated":"23"}},{"type":"Feature","id":"locality-cluster-9-1273-803","geometry":{"type":"Point","coordinates":[43.86921921097961,36.10323439230769]},"properties":{"id":"locality-cluster-9-1273-803","cluster_zoom":9,"expansion_zoom":10.4,"point_count":39,"point_count_abbreviated":"39"}},{"type":"Feature","id":"locality-cluster-9-1275-802","geometry":{"type":"Point","coordinates":[44.21447207065053,36.23872816153847]},"properties":{"id":"locality-cluster-9-1275-802","cluster_zoom":9,"expansion_zoom":10.4,"point_count":39,"point_count_abbreviated":"39"}},{"type":"Feature","id":"locality-cluster-9-1275-803","geometry":{"type":"Point","coordinates":[44.21476750357142,36.088444075]},"properties":{"id":"locality-cluster-9-1275-803","cluster_zoom":9,"expansion_zoom":10.4,"point_count":28,"point_count_abbreviated":"28"}},{"type":"Feature","id":"locality-cluster-9-1274-803","geometry":{"type":"Point","coordinates":[44.021100102564105,36.094488310256416]},"properties":{"id":"locality-cluster-9-1274-803","cluster_zoom":9,"expansion_zoom":10.4,"point_count":39,"point_count_abbreviated":"39"}},{"type":"Feature","id":"locality-cluster-9-1274-801","geometry":{"type":"Point","coordinates":[44.02674112626062,36.39407278552631]},"properties":{"id":"locality-cluster-9-1274-801","cluster_zoom":9,"expansion_zoom":10.4,"point_count":38,"point_count_abbreviated":"38"}},{"type":"Feature","id":"locality-cluster-9-1273-801","geometry":{"type":"Point","coordinates":[43.851109768804875,36.3828715590909]},"properties":{"id":"locality-cluster-9-1273-801","cluster_zoom":9,"expansion_zoom":10.4,"point_count":33,"point_count_abbreviated":"33"}},{"type":"Feature","id":"locality-cluster-9-1274-804","geometry":{"type":"Point","coordinates":[44.033153516767854,35.95982525945946]},"properties":{"id":"locality-cluster-9-1274-804","cluster_zoom":9,"expansion_zoom":10.4,"point_count":37,"point_count_abbreviated":"37"}},{"type":"Feature","id":"locality-cluster-9-1275-804","geometry":{"type":"Point","coordinates":[44.20730437142858,35.96071551428571]},"properties":{"id":"locality-cluster-9-1275-804","cluster_zoom":9,"expansion_zoom":10.4,"point_count":21,"point_count_abbreviated":"21"}},{"type":"Feature","id":"locality-cluster-9-1275-801","geometry":{"type":"Point","coordinates":[44.20031842682636,36.37413910510204]},"properties":{"id":"locality-cluster-9-1275-801","cluster_zoom":9,"expansion_zoom":10.4,"point_count":49,"point_count_abbreviated":"49"}},{"type":"Feature","id":"locality-cluster-9-1272-803","geometry":{"type":"Point","coordinates":[43.676152497309296,36.10668558472222]},"properties":{"id":"locality-cluster-9-1272-803","cluster_zoom":9,"expansion_zoom":10.4,"point_count":36,"point_count_abbreviated":"36"}},{"type":"Feature","id":"locality-cluster-9-1273-802","geometry":{"type":"Point","coordinates":[43.870231987524356,36.25086921875]},"properties":{"id":"locality-cluster-9-1273-802","cluster_zoom":9,"expansion_zoom":10.4,"point_count":24,"point_count_abbreviated":"24"}},{"type":"Feature","id":"locality-cluster-9-1272-804","geometry":{"type":"Point","coordinates":[43.67223016424687,35.96632046764706]},"properties":{"id":"locality-cluster-9-1272-804","cluster_zoom":9,"expansion_zoom":10.4,"point_count":34,"point_count_abbreviated":"34"}},{"type":"Feature","id":"locality-cluster-9-1275-805","geometry":{"type":"Point","coordinates":[44.19321087058823,35.80988511176471]},"properties":{"id":"locality-cluster-9-1275-805","cluster_zoom":9,"expansion_zoom":10.4,"point_count":17,"point_count_abbreviated":"17"}},{"type":"Feature","id":"locality-cluster-9-1273-805","geometry":{"type":"Point","coordinates":[43.85419000305974,35.82377682619046]},"properties":{"id":"locality-cluster-9-1273-805","cluster_zoom":9,"expansion_zoom":10.4,"point_count":21,"point_count_abbreviated":"21"}},{"type":"Feature","id":"locality-cluster-9-1272-802","geometry":{"type":"Point","coordinates":[43.665248590340525,36.250679517500004]},"properties":{"id":"locality-cluster-9-1272-802","cluster_zoom":9,"expansion_zoom":10.4,"point_count":20,"point_count_abbreviated":"20"}},{"type":"Feature","id":"locality-cluster-9-1277-803","geometry":{"type":"Point","coordinates":[44.579004461363645,36.09436259772727]},"properties":{"id":"locality-cluster-9-1277-803","cluster_zoom":9,"expansion_zoom":10.4,"point_count":44,"point_count_abbreviated":"44"}},{"type":"Feature","id":"locality-cluster-9-1278-805","geometry":{"type":"Point","coordinates":[44.733231289130444,35.824933523913046]},"properties":{"id":"locality-cluster-9-1278-805","cluster_zoom":9,"expansion_zoom":10.4,"point_count":46,"point_count_abbreviated":"46"}},{"type":"Feature","id":"locality-cluster-9-1278-804","geometry":{"type":"Point","coordinates":[44.74071686037735,35.97819730000001]},"properties":{"id":"locality-cluster-9-1278-804","cluster_zoom":9,"expansion_zoom":10.4,"point_count":53,"point_count_abbreviated":"53"}},{"type":"Feature","id":"locality-cluster-9-1277-804","geometry":{"type":"Point","coordinates":[44.56700644838709,35.955115245161295]},"properties":{"id":"locality-cluster-9-1277-804","cluster_zoom":9,"expansion_zoom":10.4,"point_count":31,"point_count_abbreviated":"31"}},{"type":"Feature","id":"locality-cluster-9-1276-804","geometry":{"type":"Point","coordinates":[44.38238518461538,35.976069876923084]},"properties":{"id":"locality-cluster-9-1276-804","cluster_zoom":9,"expansion_zoom":10.4,"point_count":13,"point_count_abbreviated":"13"}},{"type":"Feature","id":"locality-cluster-9-1277-805","geometry":{"type":"Point","coordinates":[44.546766429057165,35.81073443513514]},"properties":{"id":"locality-cluster-9-1277-805","cluster_zoom":9,"expansion_zoom":10.4,"point_count":37,"point_count_abbreviated":"37"}},{"type":"Feature","id":"locality-cluster-9-1279-804","geometry":{"type":"Point","coordinates":[44.91153936153846,35.964613830769224]},"properties":{"id":"locality-cluster-9-1279-804","cluster_zoom":9,"expansion_zoom":10.4,"point_count":39,"point_count_abbreviated":"39"}},{"type":"Feature","id":"locality-cluster-9-1277-802","geometry":{"type":"Point","coordinates":[44.547443511764705,36.242520547058824]},"properties":{"id":"locality-cluster-9-1277-802","cluster_zoom":9,"expansion_zoom":10.4,"point_count":17,"point_count_abbreviated":"17"}},{"type":"Feature","id":"locality-cluster-9-1276-802","geometry":{"type":"Point","coordinates":[44.378753288747916,36.26131798055556]},"properties":{"id":"locality-cluster-9-1276-802","cluster_zoom":9,"expansion_zoom":10.4,"point_count":36,"point_count_abbreviated":"36"}},{"type":"Feature","id":"locality-cluster-9-1278-803","geometry":{"type":"Point","coordinates":[44.72197621956523,36.10454331521739]},"properties":{"id":"locality-cluster-9-1278-803","cluster_zoom":9,"expansion_zoom":10.4,"point_count":46,"point_count_abbreviated":"46"}},{"type":"Feature","id":"locality-cluster-9-1276-803","geometry":{"type":"Point","coordinates":[44.395673173076915,36.113443119230766]},"properties":{"id":"locality-cluster-9-1276-803","cluster_zoom":9,"expansion_zoom":10.4,"point_count":26,"point_count_abbreviated":"26"}},{"type":"Feature","id":"locality-cluster-9-1276-805","geometry":{"type":"Point","coordinates":[44.385243218518525,35.8273109037037]},"properties":{"id":"locality-cluster-9-1276-805","cluster_zoom":9,"expansion_zoom":10.4,"point_count":27,"point_count_abbreviated":"27"}},{"type":"Feature","id":"locality-cluster-9-1279-805","geometry":{"type":"Point","coordinates":[44.909904738596495,35.814518838596484]},"properties":{"id":"locality-cluster-9-1279-805","cluster_zoom":9,"expansion_zoom":10.4,"point_count":57,"point_count_abbreviated":"57"}},{"type":"Feature","id":"locality-cluster-9-1278-802","geometry":{"type":"Point","coordinates":[44.74499396153846,36.24184986538461]},"properties":{"id":"locality-cluster-9-1278-802","cluster_zoom":9,"expansion_zoom":10.4,"point_count":52,"point_count_abbreviated":"52"}},{"type":"Feature","id":"locality-cluster-9-1272-807","geometry":{"type":"Point","coordinates":[43.67008693414633,35.53888039756098]},"properties":{"id":"locality-cluster-9-1272-807","cluster_zoom":9,"expansion_zoom":10.4,"point_count":41,"point_count_abbreviated":"41"}},{"type":"Feature","id":"locality-cluster-9-1271-806","geometry":{"type":"Point","coordinates":[43.507335634226195,35.668251428048784]},"properties":{"id":"locality-cluster-9-1271-806","cluster_zoom":9,"expansion_zoom":10.4,"point_count":41,"point_count_abbreviated":"41"}},{"type":"Feature","id":"locality-cluster-9-1271-807","geometry":{"type":"Point","coordinates":[43.51407857173282,35.52427737061656]},"properties":{"id":"locality-cluster-9-1271-807","cluster_zoom":9,"expansion_zoom":10.4,"point_count":33,"point_count_abbreviated":"33"}},{"type":"Feature","id":"locality-cluster-9-1271-803","geometry":{"type":"Point","coordinates":[43.50864895001759,36.09634284361702]},"properties":{"id":"locality-cluster-9-1271-803","cluster_zoom":9,"expansion_zoom":10.4,"point_count":47,"point_count_abbreviated":"47"}},{"type":"Feature","id":"locality-cluster-9-1271-804","geometry":{"type":"Point","coordinates":[43.51818062948744,35.96289102241379]},"properties":{"id":"locality-cluster-9-1271-804","cluster_zoom":9,"expansion_zoom":10.4,"point_count":29,"point_count_abbreviated":"29"}},{"type":"Feature","id":"locality-cluster-9-1272-805","geometry":{"type":"Point","coordinates":[43.66427284230769,35.80272571153846]},"properties":{"id":"locality-cluster-9-1272-805","cluster_zoom":9,"expansion_zoom":10.4,"point_count":26,"point_count_abbreviated":"26"}},{"type":"Feature","id":"locality-cluster-9-1271-805","geometry":{"type":"Point","coordinates":[43.49518025862068,35.80989461034483]},"properties":{"id":"locality-cluster-9-1271-805","cluster_zoom":9,"expansion_zoom":10.4,"point_count":29,"point_count_abbreviated":"29"}},{"type":"Feature","id":"locality-cluster-9-1272-806","geometry":{"type":"Point","coordinates":[43.66505499079776,35.66512955416666]},"properties":{"id":"locality-cluster-9-1272-806","cluster_zoom":9,"expansion_zoom":10.4,"point_count":24,"point_count_abbreviated":"24"}},{"type":"Feature","id":"locality-cluster-9-1273-806","geometry":{"type":"Point","coordinates":[43.86041761428572,35.67747431785714]},"properties":{"id":"locality-cluster-9-1273-806","cluster_zoom":9,"expansion_zoom":10.4,"point_count":28,"point_count_abbreviated":"28"}},{"type":"Feature","id":"locality-cluster-9-1271-808","geometry":{"type":"Point","coordinates":[43.497672953846156,35.4009231871795]},"properties":{"id":"locality-cluster-9-1271-808","cluster_zoom":9,"expansion_zoom":10.4,"point_count":39,"point_count_abbreviated":"39"}},{"type":"Feature","id":"locality-cluster-9-1270-805","geometry":{"type":"Point","coordinates":[43.39054456289327,35.81417024]},"properties":{"id":"locality-cluster-9-1270-805","cluster_zoom":9,"expansion_zoom":10.4,"point_count":5,"point_count_abbreviated":"5"}},{"type":"Feature","id":"locality-cluster-9-1270-806","geometry":{"type":"Point","coordinates":[43.386341533333336,35.6956127]},"properties":{"id":"locality-cluster-9-1270-806","cluster_zoom":9,"expansion_zoom":10.4,"point_count":9,"point_count_abbreviated":"9"}},{"type":"Feature","id":"locality-cluster-9-1273-807","geometry":{"type":"Point","coordinates":[43.845134825,35.513328825]},"properties":{"id":"locality-cluster-9-1273-807","cluster_zoom":9,"expansion_zoom":10.4,"point_count":44,"point_count_abbreviated":"44"}},{"type":"Feature","id":"locality-cluster-9-1276-797","geometry":{"type":"Point","coordinates":[44.38738125102042,36.94701757755102]},"properties":{"id":"locality-cluster-9-1276-797","cluster_zoom":9,"expansion_zoom":10.4,"point_count":49,"point_count_abbreviated":"49"}},{"type":"Feature","id":"locality-cluster-9-1280-799","geometry":{"type":"Point","coordinates":[45.03599900000001,36.66064103157894]},"properties":{"id":"locality-cluster-9-1280-799","cluster_zoom":9,"expansion_zoom":10.4,"point_count":19,"point_count_abbreviated":"19"}},{"type":"Feature","id":"locality-cluster-9-1276-800","geometry":{"type":"Point","coordinates":[44.38430907490694,36.523481767592585]},"properties":{"id":"locality-cluster-9-1276-800","cluster_zoom":9,"expansion_zoom":10.4,"point_count":54,"point_count_abbreviated":"54"}},{"type":"Feature","id":"locality-cluster-9-1277-799","geometry":{"type":"Point","coordinates":[44.54510562823942,36.662653621428575]},"properties":{"id":"locality-cluster-9-1277-799","cluster_zoom":9,"expansion_zoom":10.4,"point_count":77,"point_count_abbreviated":"77"}},{"type":"Feature","id":"locality-cluster-9-1277-800","geometry":{"type":"Point","coordinates":[44.54398654255879,36.5227524119403]},"properties":{"id":"locality-cluster-9-1277-800","cluster_zoom":9,"expansion_zoom":10.4,"point_count":67,"point_count_abbreviated":"67"}},{"type":"Feature","id":"locality-cluster-9-1279-800","geometry":{"type":"Point","coordinates":[44.88113199183674,36.53094337755103]},"properties":{"id":"locality-cluster-9-1279-800","cluster_zoom":9,"expansion_zoom":10.4,"point_count":49,"point_count_abbreviated":"49"}},{"type":"Feature","id":"locality-cluster-9-1278-798","geometry":{"type":"Point","coordinates":[44.71458882058712,36.80810813489583]},"properties":{"id":"locality-cluster-9-1278-798","cluster_zoom":9,"expansion_zoom":10.4,"point_count":96,"point_count_abbreviated":"96"}},{"type":"Feature","id":"locality-cluster-9-1278-801","geometry":{"type":"Point","coordinates":[44.75401175984535,36.37825690700936]},"properties":{"id":"locality-cluster-9-1278-801","cluster_zoom":9,"expansion_zoom":10.4,"point_count":107,"point_count_abbreviated":"107"}},{"type":"Feature","id":"locality-cluster-9-1278-800","geometry":{"type":"Point","coordinates":[44.76247856724439,36.548107498979604]},"properties":{"id":"locality-cluster-9-1278-800","cluster_zoom":9,"expansion_zoom":10.4,"point_count":49,"point_count_abbreviated":"49"}},{"type":"Feature","id":"locality-cluster-9-1278-796","geometry":{"type":"Point","coordinates":[44.69267134285715,37.06466579047619]},"properties":{"id":"locality-cluster-9-1278-796","cluster_zoom":9,"expansion_zoom":10.4,"point_count":21,"point_count_abbreviated":"21"}},{"type":"Feature","id":"locality-cluster-9-1277-796","geometry":{"type":"Point","coordinates":[44.567206776923086,37.07390516923077]},"properties":{"id":"locality-cluster-9-1277-796","cluster_zoom":9,"expansion_zoom":10.4,"point_count":13,"point_count_abbreviated":"13"}},{"type":"Feature","id":"locality-cluster-9-1275-798","geometry":{"type":"Point","coordinates":[44.22167236491771,36.82020078513514]},"properties":{"id":"locality-cluster-9-1275-798","cluster_zoom":9,"expansion_zoom":10.4,"point_count":37,"point_count_abbreviated":"37"}},{"type":"Feature","id":"locality-cluster-9-1276-798","geometry":{"type":"Point","coordinates":[44.37840171062574,36.804178645348834]},"properties":{"id":"locality-cluster-9-1276-798","cluster_zoom":9,"expansion_zoom":10.4,"point_count":43,"point_count_abbreviated":"43"}},{"type":"Feature","id":"locality-cluster-9-1279-797","geometry":{"type":"Point","coordinates":[44.86250022857143,36.94491142857142]},"properties":{"id":"locality-cluster-9-1279-797","cluster_zoom":9,"expansion_zoom":10.4,"point_count":7,"point_count_abbreviated":"7"}},{"type":"Feature","id":"locality-cluster-9-1276-799","geometry":{"type":"Point","coordinates":[44.36394891823053,36.67506140490196]},"properties":{"id":"locality-cluster-9-1276-799","cluster_zoom":9,"expansion_zoom":10.4,"point_count":51,"point_count_abbreviated":"51"}},{"type":"Feature","id":"locality-cluster-9-1278-799","geometry":{"type":"Point","coordinates":[44.73041699178083,36.66650597397261]},"properties":{"id":"locality-cluster-9-1278-799","cluster_zoom":9,"expansion_zoom":10.4,"point_count":73,"point_count_abbreviated":"73"}},{"type":"Feature","id":"locality-cluster-9-1277-797","geometry":{"type":"Point","coordinates":[44.564322570967725,36.92905038225807]},"properties":{"id":"locality-cluster-9-1277-797","cluster_zoom":9,"expansion_zoom":10.4,"point_count":62,"point_count_abbreviated":"62"}},{"type":"Feature","id":"locality-cluster-9-1279-799","geometry":{"type":"Point","coordinates":[44.9165675923077,36.64913937692307]},"properties":{"id":"locality-cluster-9-1279-799","cluster_zoom":9,"expansion_zoom":10.4,"point_count":52,"point_count_abbreviated":"52"}},{"type":"Feature","id":"locality-cluster-9-1276-796","geometry":{"type":"Point","coordinates":[44.42449047777777,37.04907408888889]},"properties":{"id":"locality-cluster-9-1276-796","cluster_zoom":9,"expansion_zoom":10.4,"point_count":9,"point_count_abbreviated":"9"}},{"type":"Feature","id":"locality-cluster-9-1277-798","geometry":{"type":"Point","coordinates":[44.57205516546979,36.814711621348316]},"properties":{"id":"locality-cluster-9-1277-798","cluster_zoom":9,"expansion_zoom":10.4,"point_count":89,"point_count_abbreviated":"89"}},{"type":"Feature","id":"locality-cluster-9-1278-797","geometry":{"type":"Point","coordinates":[44.73092159687501,36.94627255937502]},"properties":{"id":"locality-cluster-9-1278-797","cluster_zoom":9,"expansion_zoom":10.4,"point_count":32,"point_count_abbreviated":"32"}},{"type":"Feature","id":"locality-cluster-9-1277-801","geometry":{"type":"Point","coordinates":[44.57526841713679,36.38534801883116]},"properties":{"id":"locality-cluster-9-1277-801","cluster_zoom":9,"expansion_zoom":10.4,"point_count":77,"point_count_abbreviated":"77"}},{"type":"Feature","id":"locality-cluster-9-1279-798","geometry":{"type":"Point","coordinates":[44.87260893333334,36.82427336666667]},"properties":{"id":"locality-cluster-9-1279-798","cluster_zoom":9,"expansion_zoom":10.4,"point_count":3,"point_count_abbreviated":"3"}},{"type":"Feature","id":"locality-cluster-9-1276-801","geometry":{"type":"Point","coordinates":[44.38191300976989,36.39297459545457]},"properties":{"id":"locality-cluster-9-1276-801","cluster_zoom":9,"expansion_zoom":10.4,"point_count":33,"point_count_abbreviated":"33"}},{"type":"Feature","id":"locality-cluster-9-1275-800","geometry":{"type":"Point","coordinates":[44.223201488095235,36.527705209523816]},"properties":{"id":"locality-cluster-9-1275-800","cluster_zoom":9,"expansion_zoom":10.4,"point_count":42,"point_count_abbreviated":"42"}},{"type":"Feature","id":"locality-cluster-9-1274-800","geometry":{"type":"Point","coordinates":[44.02442993556952,36.5432387016129]},"properties":{"id":"locality-cluster-9-1274-800","cluster_zoom":9,"expansion_zoom":10.4,"point_count":31,"point_count_abbreviated":"31"}},{"type":"Feature","id":"locality-cluster-9-1275-799","geometry":{"type":"Point","coordinates":[44.201489217543866,36.66018584736843]},"properties":{"id":"locality-cluster-9-1275-799","cluster_zoom":9,"expansion_zoom":10.4,"point_count":57,"point_count_abbreviated":"57"}},{"type":"Feature","id":"locality-cluster-9-1273-809","geometry":{"type":"Point","coordinates":[43.86415425875002,35.24669279625001]},"properties":{"id":"locality-cluster-9-1273-809","cluster_zoom":9,"expansion_zoom":10.4,"point_count":80,"point_count_abbreviated":"80"}},{"type":"Feature","id":"locality-cluster-9-1271-809","geometry":{"type":"Point","coordinates":[43.5183633483871,35.26346699354839]},"properties":{"id":"locality-cluster-9-1271-809","cluster_zoom":9,"expansion_zoom":10.4,"point_count":31,"point_count_abbreviated":"31"}},{"type":"Feature","id":"locality-cluster-9-1275-808","geometry":{"type":"Point","coordinates":[44.20129481190477,35.3917096]},"properties":{"id":"locality-cluster-9-1275-808","cluster_zoom":9,"expansion_zoom":10.4,"point_count":42,"point_count_abbreviated":"42"}},{"type":"Feature","id":"locality-cluster-9-1272-808","geometry":{"type":"Point","coordinates":[43.70367778749999,35.36769449464286]},"properties":{"id":"locality-cluster-9-1272-808","cluster_zoom":9,"expansion_zoom":10.4,"point_count":56,"point_count_abbreviated":"56"}},{"type":"Feature","id":"locality-cluster-9-1272-809","geometry":{"type":"Point","coordinates":[43.683432450724624,35.23479239275363]},"properties":{"id":"locality-cluster-9-1272-809","cluster_zoom":9,"expansion_zoom":10.4,"point_count":69,"point_count_abbreviated":"69"}},{"type":"Feature","id":"locality-cluster-9-1273-808","geometry":{"type":"Point","coordinates":[43.84287628640776,35.40219972815533]},"properties":{"id":"locality-cluster-9-1273-808","cluster_zoom":9,"expansion_zoom":10.4,"point_count":103,"point_count_abbreviated":"103"}},{"type":"Feature","id":"locality-cluster-9-1273-810","geometry":{"type":"Point","coordinates":[43.84003353809523,35.113911638095246]},"properties":{"id":"locality-cluster-9-1273-810","cluster_zoom":9,"expansion_zoom":10.4,"point_count":42,"point_count_abbreviated":"42"}},{"type":"Feature","id":"locality-cluster-9-1272-810","geometry":{"type":"Point","coordinates":[43.684724713207544,35.11624594339622]},"properties":{"id":"locality-cluster-9-1272-810","cluster_zoom":9,"expansion_zoom":10.4,"point_count":53,"point_count_abbreviated":"53"}},{"type":"Feature","id":"locality-cluster-9-1270-809","geometry":{"type":"Point","coordinates":[43.4098691,35.284608500000004]},"properties":{"id":"locality-cluster-9-1270-809","cluster_zoom":9,"expansion_zoom":10.4,"point_count":4,"point_count_abbreviated":"4"}},{"type":"Feature","id":"locality-cluster-9-1274-808","geometry":{"type":"Point","coordinates":[44.031599871739125,35.38650536739131]},"properties":{"id":"locality-cluster-9-1274-808","cluster_zoom":9,"expansion_zoom":10.4,"point_count":46,"point_count_abbreviated":"46"}},{"type":"Feature","id":"locality-cluster-9-1274-809","geometry":{"type":"Point","coordinates":[44.02490845891789,35.25796016176471]},"properties":{"id":"locality-cluster-9-1274-809","cluster_zoom":9,"expansion_zoom":10.4,"point_count":34,"point_count_abbreviated":"34"}},{"type":"Feature","id":"locality-cluster-9-1271-810","geometry":{"type":"Point","coordinates":[43.56601137142858,35.13432988571428]},"properties":{"id":"locality-cluster-9-1271-810","cluster_zoom":9,"expansion_zoom":10.4,"point_count":7,"point_count_abbreviated":"7"}},{"type":"Feature","id":"locality-cluster-9-1275-809","geometry":{"type":"Point","coordinates":[44.19031683,35.24507750499999]},"properties":{"id":"locality-cluster-9-1275-809","cluster_zoom":9,"expansion_zoom":10.4,"point_count":40,"point_count_abbreviated":"40"}},{"type":"Feature","id":"locality-cluster-9-1275-807","geometry":{"type":"Point","coordinates":[44.21323596944445,35.5356842]},"properties":{"id":"locality-cluster-9-1275-807","cluster_zoom":9,"expansion_zoom":10.4,"point_count":36,"point_count_abbreviated":"36"}},{"type":"Feature","id":"locality-cluster-9-1270-808","geometry":{"type":"Point","coordinates":[43.379426351663426,35.411317008208336]},"properties":{"id":"locality-cluster-9-1270-808","cluster_zoom":9,"expansion_zoom":10.4,"point_count":12,"point_count_abbreviated":"12"}},{"type":"Feature","id":"locality-cluster-9-1274-807","geometry":{"type":"Point","coordinates":[44.032592530769236,35.536060769230765]},"properties":{"id":"locality-cluster-9-1274-807","cluster_zoom":9,"expansion_zoom":10.4,"point_count":26,"point_count_abbreviated":"26"}},{"type":"Feature","id":"locality-cluster-9-1273-811","geometry":{"type":"Point","coordinates":[43.863372992307696,35.00357907692308]},"properties":{"id":"locality-cluster-9-1273-811","cluster_zoom":9,"expansion_zoom":10.4,"point_count":13,"point_count_abbreviated":"13"}},{"type":"Feature","id":"locality-cluster-9-1276-811","geometry":{"type":"Point","coordinates":[44.37859296666667,34.948854090476196]},"properties":{"id":"locality-cluster-9-1276-811","cluster_zoom":9,"expansion_zoom":10.4,"point_count":42,"point_count_abbreviated":"42"}},{"type":"Feature","id":"locality-cluster-9-1275-812","geometry":{"type":"Point","coordinates":[44.2172181125,34.83102175625]},"properties":{"id":"locality-cluster-9-1275-812","cluster_zoom":9,"expansion_zoom":10.4,"point_count":16,"point_count_abbreviated":"16"}},{"type":"Feature","id":"locality-cluster-9-1276-812","geometry":{"type":"Point","coordinates":[44.36036839,34.812491965]},"properties":{"id":"locality-cluster-9-1276-812","cluster_zoom":9,"expansion_zoom":10.4,"point_count":20,"point_count_abbreviated":"20"}},{"type":"Feature","id":"locality-cluster-9-1274-810","geometry":{"type":"Point","coordinates":[44.03789922727273,35.10392612727273]},"properties":{"id":"locality-cluster-9-1274-810","cluster_zoom":9,"expansion_zoom":10.4,"point_count":22,"point_count_abbreviated":"22"}},{"type":"Feature","id":"locality-cluster-9-1276-810","geometry":{"type":"Point","coordinates":[44.366838974971735,35.10445207419353]},"properties":{"id":"locality-cluster-9-1276-810","cluster_zoom":9,"expansion_zoom":10.4,"point_count":62,"point_count_abbreviated":"62"}},{"type":"Feature","id":"locality-cluster-9-1274-811","geometry":{"type":"Point","coordinates":[44.052459153846144,34.94518084615385]},"properties":{"id":"locality-cluster-9-1274-811","cluster_zoom":9,"expansion_zoom":10.4,"point_count":13,"point_count_abbreviated":"13"}},{"type":"Feature","id":"locality-cluster-9-1276-809","geometry":{"type":"Point","coordinates":[44.3641819173913,35.241930986956525]},"properties":{"id":"locality-cluster-9-1276-809","cluster_zoom":9,"expansion_zoom":10.4,"point_count":23,"point_count_abbreviated":"23"}},{"type":"Feature","id":"locality-cluster-9-1275-811","geometry":{"type":"Point","coordinates":[44.20461883703703,34.963052151851855]},"properties":{"id":"locality-cluster-9-1275-811","cluster_zoom":9,"expansion_zoom":10.4,"point_count":27,"point_count_abbreviated":"27"}},{"type":"Feature","id":"locality-cluster-9-1275-810","geometry":{"type":"Point","coordinates":[44.22602905602156,35.10903861785714]},"properties":{"id":"locality-cluster-9-1275-810","cluster_zoom":9,"expansion_zoom":10.4,"point_count":28,"point_count_abbreviated":"28"}},{"type":"Feature","id":"locality-cluster-9-1277-811","geometry":{"type":"Point","coordinates":[44.53542759375,34.959483381249996]},"properties":{"id":"locality-cluster-9-1277-811","cluster_zoom":9,"expansion_zoom":10.4,"point_count":16,"point_count_abbreviated":"16"}},{"type":"Feature","id":"locality-cluster-9-1277-810","geometry":{"type":"Point","coordinates":[44.554356584615384,35.10368919230769]},"properties":{"id":"locality-cluster-9-1277-810","cluster_zoom":9,"expansion_zoom":10.4,"point_count":13,"point_count_abbreviated":"13"}},{"type":"Feature","id":"locality-cluster-9-1276-813","geometry":{"type":"Point","coordinates":[44.374716400000004,34.7218666]},"properties":{"id":"locality-cluster-9-1276-813","cluster_zoom":9,"expansion_zoom":10.4,"point_count":5,"point_count_abbreviated":"5"}},{"type":"Feature","id":"locality-cluster-9-1275-806","geometry":{"type":"Point","coordinates":[44.22410972580646,35.67722072903225]},"properties":{"id":"locality-cluster-9-1275-806","cluster_zoom":9,"expansion_zoom":10.4,"point_count":31,"point_count_abbreviated":"31"}},{"type":"Feature","id":"locality-cluster-9-1274-806","geometry":{"type":"Point","coordinates":[44.026105274074084,35.672302744444444]},"properties":{"id":"locality-cluster-9-1274-806","cluster_zoom":9,"expansion_zoom":10.4,"point_count":27,"point_count_abbreviated":"27"}},{"type":"Feature","id":"locality-cluster-9-1276-806","geometry":{"type":"Point","coordinates":[44.385970720454544,35.66939903409091]},"properties":{"id":"locality-cluster-9-1276-806","cluster_zoom":9,"expansion_zoom":10.4,"point_count":44,"point_count_abbreviated":"44"}},{"type":"Feature","id":"locality-cluster-9-1276-807","geometry":{"type":"Point","coordinates":[44.38519638260869,35.51434240434783]},"properties":{"id":"locality-cluster-9-1276-807","cluster_zoom":9,"expansion_zoom":10.4,"point_count":46,"point_count_abbreviated":"46"}},{"type":"Feature","id":"locality-cluster-9-1276-808","geometry":{"type":"Point","coordinates":[44.38125998904111,35.40254261369862]},"properties":{"id":"locality-cluster-9-1276-808","cluster_zoom":9,"expansion_zoom":10.4,"point_count":73,"point_count_abbreviated":"73"}},{"type":"Feature","id":"locality-cluster-9-1277-808","geometry":{"type":"Point","coordinates":[44.55681184662077,35.37633483888889]},"properties":{"id":"locality-cluster-9-1277-808","cluster_zoom":9,"expansion_zoom":10.4,"point_count":27,"point_count_abbreviated":"27"}},{"type":"Feature","id":"locality-cluster-9-1278-807","geometry":{"type":"Point","coordinates":[44.726973039285724,35.54353627857143]},"properties":{"id":"locality-cluster-9-1278-807","cluster_zoom":9,"expansion_zoom":10.4,"point_count":28,"point_count_abbreviated":"28"}},{"type":"Feature","id":"locality-cluster-9-1277-809","geometry":{"type":"Point","coordinates":[44.59133637058823,35.26226363529411]},"properties":{"id":"locality-cluster-9-1277-809","cluster_zoom":9,"expansion_zoom":10.4,"point_count":17,"point_count_abbreviated":"17"}},{"type":"Feature","id":"locality-cluster-9-1277-806","geometry":{"type":"Point","coordinates":[44.55256152777777,35.675976905555565]},"properties":{"id":"locality-cluster-9-1277-806","cluster_zoom":9,"expansion_zoom":10.4,"point_count":36,"point_count_abbreviated":"36"}},{"type":"Feature","id":"locality-cluster-9-1277-807","geometry":{"type":"Point","coordinates":[44.55924873846155,35.54257435]},"properties":{"id":"locality-cluster-9-1277-807","cluster_zoom":9,"expansion_zoom":10.4,"point_count":26,"point_count_abbreviated":"26"}},{"type":"Feature","id":"locality-cluster-9-1278-808","geometry":{"type":"Point","coordinates":[44.740480705849784,35.38027166060605]},"properties":{"id":"locality-cluster-9-1278-808","cluster_zoom":9,"expansion_zoom":10.4,"point_count":33,"point_count_abbreviated":"33"}},{"type":"Feature","id":"locality-cluster-9-1278-809","geometry":{"type":"Point","coordinates":[44.72984144074074,35.244321255555555]},"properties":{"id":"locality-cluster-9-1278-809","cluster_zoom":9,"expansion_zoom":10.4,"point_count":27,"point_count_abbreviated":"27"}},{"type":"Feature","id":"locality-cluster-9-1278-806","geometry":{"type":"Point","coordinates":[44.733611341666666,35.671502725]},"properties":{"id":"locality-cluster-9-1278-806","cluster_zoom":9,"expansion_zoom":10.4,"point_count":24,"point_count_abbreviated":"24"}},{"type":"Feature","id":"locality-cluster-9-1259-801","geometry":{"type":"Point","coordinates":[41.4329015,36.3926815]},"properties":{"id":"locality-cluster-9-1259-801","cluster_zoom":9,"expansion_zoom":10.4,"point_count":2,"point_count_abbreviated":"2"}},{"type":"Feature","id":"locality-cluster-9-1261-802","geometry":{"type":"Point","coordinates":[41.76875484089677,36.24926266153846]},"properties":{"id":"locality-cluster-9-1261-802","cluster_zoom":9,"expansion_zoom":10.4,"point_count":26,"point_count_abbreviated":"26"}},{"type":"Feature","id":"locality-cluster-9-1260-802","geometry":{"type":"Point","coordinates":[41.58197010195158,36.22432290454545]},"properties":{"id":"locality-cluster-9-1260-802","cluster_zoom":9,"expansion_zoom":10.4,"point_count":11,"point_count_abbreviated":"11"}},{"type":"Feature","id":"locality-cluster-9-1261-803","geometry":{"type":"Point","coordinates":[41.73594428571429,36.111494285714286]},"properties":{"id":"locality-cluster-9-1261-803","cluster_zoom":9,"expansion_zoom":10.4,"point_count":14,"point_count_abbreviated":"14"}},{"type":"Feature","id":"locality-cluster-9-1260-803","geometry":{"type":"Point","coordinates":[41.600426,36.106860000000005]},"properties":{"id":"locality-cluster-9-1260-803","cluster_zoom":9,"expansion_zoom":10.4,"point_count":10,"point_count_abbreviated":"10"}},{"type":"Feature","id":"locality-cluster-9-1259-802","geometry":{"type":"Point","coordinates":[41.429683571428576,36.209757471428574]},"properties":{"id":"locality-cluster-9-1259-802","cluster_zoom":9,"expansion_zoom":10.4,"point_count":7,"point_count_abbreviated":"7"}},{"type":"Feature","id":"locality-cluster-9-1261-801","geometry":{"type":"Point","coordinates":[41.72010632352941,36.38572663529412]},"properties":{"id":"locality-cluster-9-1261-801","cluster_zoom":9,"expansion_zoom":10.4,"point_count":17,"point_count_abbreviated":"17"}},{"type":"Feature","id":"locality-cluster-9-1270-801","geometry":{"type":"Point","coordinates":[43.332449870769594,36.38297207666666]},"properties":{"id":"locality-cluster-9-1270-801","cluster_zoom":9,"expansion_zoom":10.4,"point_count":30,"point_count_abbreviated":"30"}},{"type":"Feature","id":"locality-cluster-9-1269-802","geometry":{"type":"Point","coordinates":[43.20493371541786,36.22899612463158]},"properties":{"id":"locality-cluster-9-1269-802","cluster_zoom":9,"expansion_zoom":10.4,"point_count":19,"point_count_abbreviated":"19"}},{"type":"Feature","id":"locality-cluster-9-1270-803","geometry":{"type":"Point","coordinates":[43.33118395536016,36.09782206500001]},"properties":{"id":"locality-cluster-9-1270-803","cluster_zoom":9,"expansion_zoom":10.4,"point_count":50,"point_count_abbreviated":"50"}},{"type":"Feature","id":"locality-cluster-9-1270-802","geometry":{"type":"Point","coordinates":[43.31592208872831,36.23880520625]},"properties":{"id":"locality-cluster-9-1270-802","cluster_zoom":9,"expansion_zoom":10.4,"point_count":24,"point_count_abbreviated":"24"}},{"type":"Feature","id":"locality-cluster-9-1271-801","geometry":{"type":"Point","coordinates":[43.49633472522095,36.38274867236842]},"properties":{"id":"locality-cluster-9-1271-801","cluster_zoom":9,"expansion_zoom":10.4,"point_count":38,"point_count_abbreviated":"38"}},{"type":"Feature","id":"locality-cluster-9-1271-802","geometry":{"type":"Point","coordinates":[43.509829693706415,36.23454754499999]},"properties":{"id":"locality-cluster-9-1271-802","cluster_zoom":9,"expansion_zoom":10.4,"point_count":30,"point_count_abbreviated":"30"}},{"type":"Feature","id":"locality-cluster-9-1270-804","geometry":{"type":"Point","coordinates":[43.37514826464348,36.01161970567621]},"properties":{"id":"locality-cluster-9-1270-804","cluster_zoom":9,"expansion_zoom":10.4,"point_count":15,"point_count_abbreviated":"15"}},{"type":"Feature","id":"locality-cluster-9-1269-801","geometry":{"type":"Point","coordinates":[43.15365727794626,36.40675604772728]},"properties":{"id":"locality-cluster-9-1269-801","cluster_zoom":9,"expansion_zoom":10.4,"point_count":22,"point_count_abbreviated":"22"}},{"type":"Feature","id":"locality-cluster-9-1272-801","geometry":{"type":"Point","coordinates":[43.70128198823529,36.373810911764714]},"properties":{"id":"locality-cluster-9-1272-801","cluster_zoom":9,"expansion_zoom":10.4,"point_count":17,"point_count_abbreviated":"17"}},{"type":"Feature","id":"locality-cluster-9-1269-800","geometry":{"type":"Point","coordinates":[43.196587540740744,36.52246135925926]},"properties":{"id":"locality-cluster-9-1269-800","cluster_zoom":9,"expansion_zoom":10.4,"point_count":27,"point_count_abbreviated":"27"}},{"type":"Feature","id":"locality-cluster-9-1270-800","geometry":{"type":"Point","coordinates":[43.32299166666667,36.538073770370374]},"properties":{"id":"locality-cluster-9-1270-800","cluster_zoom":9,"expansion_zoom":10.4,"point_count":27,"point_count_abbreviated":"27"}},{"type":"Feature","id":"locality-cluster-9-1271-800","geometry":{"type":"Point","coordinates":[43.49203582661728,36.53277856046512]},"properties":{"id":"locality-cluster-9-1271-800","cluster_zoom":9,"expansion_zoom":10.4,"point_count":43,"point_count_abbreviated":"43"}},{"type":"Feature","id":"locality-cluster-9-1270-799","geometry":{"type":"Point","coordinates":[43.32883828592032,36.67011182096775]},"properties":{"id":"locality-cluster-9-1270-799","cluster_zoom":9,"expansion_zoom":10.4,"point_count":31,"point_count_abbreviated":"31"}},{"type":"Feature","id":"locality-cluster-9-1271-799","geometry":{"type":"Point","coordinates":[43.505765613793095,36.664691144827586]},"properties":{"id":"locality-cluster-9-1271-799","cluster_zoom":9,"expansion_zoom":10.4,"point_count":29,"point_count_abbreviated":"29"}},{"type":"Feature","id":"locality-cluster-9-1269-799","geometry":{"type":"Point","coordinates":[43.195795059375,36.668309884375]},"properties":{"id":"locality-cluster-9-1269-799","cluster_zoom":9,"expansion_zoom":10.4,"point_count":32,"point_count_abbreviated":"32"}},{"type":"Feature","id":"locality-cluster-9-1272-799","geometry":{"type":"Point","coordinates":[43.67950853414633,36.65891963414635]},"properties":{"id":"locality-cluster-9-1272-799","cluster_zoom":9,"expansion_zoom":10.4,"point_count":41,"point_count_abbreviated":"41"}},{"type":"Feature","id":"locality-cluster-9-1274-799","geometry":{"type":"Point","coordinates":[44.03475000588236,36.67537883676471]},"properties":{"id":"locality-cluster-9-1274-799","cluster_zoom":9,"expansion_zoom":10.4,"point_count":68,"point_count_abbreviated":"68"}},{"type":"Feature","id":"locality-cluster-9-1272-800","geometry":{"type":"Point","coordinates":[43.67814245357143,36.54040742142856]},"properties":{"id":"locality-cluster-9-1272-800","cluster_zoom":9,"expansion_zoom":10.4,"point_count":28,"point_count_abbreviated":"28"}},{"type":"Feature","id":"locality-cluster-9-1273-800","geometry":{"type":"Point","coordinates":[43.84402556060607,36.533528045454545]},"properties":{"id":"locality-cluster-9-1273-800","cluster_zoom":9,"expansion_zoom":10.4,"point_count":33,"point_count_abbreviated":"33"}},{"type":"Feature","id":"locality-cluster-9-1273-799","geometry":{"type":"Point","coordinates":[43.872900180851055,36.66597090638298]},"properties":{"id":"locality-cluster-9-1273-799","cluster_zoom":9,"expansion_zoom":10.4,"point_count":47,"point_count_abbreviated":"47"}},{"type":"Feature","id":"locality-cluster-9-1273-798","geometry":{"type":"Point","coordinates":[43.851287203952076,36.810603485849064]},"properties":{"id":"locality-cluster-9-1273-798","cluster_zoom":9,"expansion_zoom":10.4,"point_count":53,"point_count_abbreviated":"53"}},{"type":"Feature","id":"locality-cluster-9-1260-800","geometry":{"type":"Point","coordinates":[41.53124671111111,36.49915416666667]},"properties":{"id":"locality-cluster-9-1260-800","cluster_zoom":9,"expansion_zoom":10.4,"point_count":9,"point_count_abbreviated":"9"}},{"type":"Feature","id":"locality-cluster-9-1262-801","geometry":{"type":"Point","coordinates":[41.920429809090905,36.37899658636363]},"properties":{"id":"locality-cluster-9-1262-801","cluster_zoom":9,"expansion_zoom":10.4,"point_count":22,"point_count_abbreviated":"22"}},{"type":"Feature","id":"locality-cluster-9-1263-801","geometry":{"type":"Point","coordinates":[42.09181525234702,36.386824146875]},"properties":{"id":"locality-cluster-9-1263-801","cluster_zoom":9,"expansion_zoom":10.4,"point_count":16,"point_count_abbreviated":"16"}},{"type":"Feature","id":"locality-cluster-9-1262-802","geometry":{"type":"Point","coordinates":[41.92501070824047,36.25872997571428]},"properties":{"id":"locality-cluster-9-1262-802","cluster_zoom":9,"expansion_zoom":10.4,"point_count":35,"point_count_abbreviated":"35"}},{"type":"Feature","id":"locality-cluster-9-1259-800","geometry":{"type":"Point","coordinates":[41.42949916216338,36.50088344375]},"properties":{"id":"locality-cluster-9-1259-800","cluster_zoom":9,"expansion_zoom":10.4,"point_count":8,"point_count_abbreviated":"8"}},{"type":"Feature","id":"locality-cluster-9-1261-800","geometry":{"type":"Point","coordinates":[41.761025085403055,36.5044013875]},"properties":{"id":"locality-cluster-9-1261-800","cluster_zoom":9,"expansion_zoom":10.4,"point_count":12,"point_count_abbreviated":"12"}},{"type":"Feature","id":"locality-cluster-9-1263-802","geometry":{"type":"Point","coordinates":[42.10108271692,36.245302011666666]},"properties":{"id":"locality-cluster-9-1263-802","cluster_zoom":9,"expansion_zoom":10.4,"point_count":30,"point_count_abbreviated":"30"}},{"type":"Feature","id":"locality-cluster-9-1262-803","geometry":{"type":"Point","coordinates":[41.90174008333333,36.13303175]},"properties":{"id":"locality-cluster-9-1262-803","cluster_zoom":9,"expansion_zoom":10.4,"point_count":12,"point_count_abbreviated":"12"}},{"type":"Feature","id":"locality-cluster-9-1263-803","geometry":{"type":"Point","coordinates":[42.053286,36.14839]},"properties":{"id":"locality-cluster-9-1263-803","cluster_zoom":9,"expansion_zoom":10.4,"point_count":5,"point_count_abbreviated":"5"}},{"type":"Feature","id":"locality-cluster-9-1260-801","geometry":{"type":"Point","coordinates":[41.5491081,36.39132161]},"properties":{"id":"locality-cluster-9-1260-801","cluster_zoom":9,"expansion_zoom":10.4,"point_count":10,"point_count_abbreviated":"10"}},{"type":"Feature","id":"locality-cluster-9-1262-800","geometry":{"type":"Point","coordinates":[41.913404033333336,36.526078033333334]},"properties":{"id":"locality-cluster-9-1262-800","cluster_zoom":9,"expansion_zoom":10.4,"point_count":15,"point_count_abbreviated":"15"}},{"type":"Feature","id":"locality-cluster-9-1264-802","geometry":{"type":"Point","coordinates":[42.26157697628055,36.279331937500004]},"properties":{"id":"locality-cluster-9-1264-802","cluster_zoom":9,"expansion_zoom":10.4,"point_count":8,"point_count_abbreviated":"8"}},{"type":"Feature","id":"locality-cluster-9-1263-800","geometry":{"type":"Point","coordinates":[42.08822685833333,36.525209925]},"properties":{"id":"locality-cluster-9-1263-800","cluster_zoom":9,"expansion_zoom":10.4,"point_count":12,"point_count_abbreviated":"12"}},{"type":"Feature","id":"locality-cluster-9-1264-801","geometry":{"type":"Point","coordinates":[42.28169192500001,36.3743408875]},"properties":{"id":"locality-cluster-9-1264-801","cluster_zoom":9,"expansion_zoom":10.4,"point_count":24,"point_count_abbreviated":"24"}},{"type":"Feature","id":"locality-cluster-9-1266-801","geometry":{"type":"Point","coordinates":[42.645993821428576,36.42743980000001]},"properties":{"id":"locality-cluster-9-1266-801","cluster_zoom":9,"expansion_zoom":10.4,"point_count":14,"point_count_abbreviated":"14"}},{"type":"Feature","id":"locality-cluster-9-1266-800","geometry":{"type":"Point","coordinates":[42.618733159952974,36.52961402962963]},"properties":{"id":"locality-cluster-9-1266-800","cluster_zoom":9,"expansion_zoom":10.4,"point_count":27,"point_count_abbreviated":"27"}},{"type":"Feature","id":"locality-cluster-9-1266-802","geometry":{"type":"Point","coordinates":[42.56614005,36.25310245]},"properties":{"id":"locality-cluster-9-1266-802","cluster_zoom":9,"expansion_zoom":10.4,"point_count":4,"point_count_abbreviated":"4"}},{"type":"Feature","id":"locality-cluster-9-1265-799","geometry":{"type":"Point","coordinates":[42.473250542105255,36.67142627368421]},"properties":{"id":"locality-cluster-9-1265-799","cluster_zoom":9,"expansion_zoom":10.4,"point_count":19,"point_count_abbreviated":"19"}},{"type":"Feature","id":"locality-cluster-9-1265-798","geometry":{"type":"Point","coordinates":[42.46895550000001,36.80548334666667]},"properties":{"id":"locality-cluster-9-1265-798","cluster_zoom":9,"expansion_zoom":10.4,"point_count":15,"point_count_abbreviated":"15"}},{"type":"Feature","id":"locality-cluster-9-1266-799","geometry":{"type":"Point","coordinates":[42.63028725208535,36.68333153275863]},"properties":{"id":"locality-cluster-9-1266-799","cluster_zoom":9,"expansion_zoom":10.4,"point_count":29,"point_count_abbreviated":"29"}},{"type":"Feature","id":"locality-cluster-9-1264-797","geometry":{"type":"Point","coordinates":[42.292715566666665,36.94655150833333]},"properties":{"id":"locality-cluster-9-1264-797","cluster_zoom":9,"expansion_zoom":10.4,"point_count":12,"point_count_abbreviated":"12"}},{"type":"Feature","id":"locality-cluster-9-1265-801","geometry":{"type":"Point","coordinates":[42.43930183023256,36.373723893023254]},"properties":{"id":"locality-cluster-9-1265-801","cluster_zoom":9,"expansion_zoom":10.4,"point_count":43,"point_count_abbreviated":"43"}},{"type":"Feature","id":"locality-cluster-9-1265-802","geometry":{"type":"Point","coordinates":[42.4280126375,36.2359465125]},"properties":{"id":"locality-cluster-9-1265-802","cluster_zoom":9,"expansion_zoom":10.4,"point_count":8,"point_count_abbreviated":"8"}},{"type":"Feature","id":"locality-cluster-9-1263-799","geometry":{"type":"Point","coordinates":[42.07960518181818,36.66773584545455]},"properties":{"id":"locality-cluster-9-1263-799","cluster_zoom":9,"expansion_zoom":10.4,"point_count":11,"point_count_abbreviated":"11"}},{"type":"Feature","id":"locality-cluster-9-1264-800","geometry":{"type":"Point","coordinates":[42.29705947058823,36.53068834705883]},"properties":{"id":"locality-cluster-9-1264-800","cluster_zoom":9,"expansion_zoom":10.4,"point_count":17,"point_count_abbreviated":"17"}},{"type":"Feature","id":"locality-cluster-9-1264-799","geometry":{"type":"Point","coordinates":[42.27260319375001,36.671720725]},"properties":{"id":"locality-cluster-9-1264-799","cluster_zoom":9,"expansion_zoom":10.4,"point_count":16,"point_count_abbreviated":"16"}},{"type":"Feature","id":"locality-cluster-9-1262-799","geometry":{"type":"Point","coordinates":[41.96106893846154,36.64940993076924]},"properties":{"id":"locality-cluster-9-1262-799","cluster_zoom":9,"expansion_zoom":10.4,"point_count":13,"point_count_abbreviated":"13"}},{"type":"Feature","id":"locality-cluster-9-1265-800","geometry":{"type":"Point","coordinates":[42.44301857222222,36.53655907222222]},"properties":{"id":"locality-cluster-9-1265-800","cluster_zoom":9,"expansion_zoom":10.4,"point_count":18,"point_count_abbreviated":"18"}},{"type":"Feature","id":"locality-cluster-9-1265-803","geometry":{"type":"Point","coordinates":[42.5006195,36.123195333333335]},"properties":{"id":"locality-cluster-9-1265-803","cluster_zoom":9,"expansion_zoom":10.4,"point_count":6,"point_count_abbreviated":"6"}},{"type":"Feature","id":"locality-cluster-9-1266-803","geometry":{"type":"Point","coordinates":[42.5736145,36.0589755]},"properties":{"id":"locality-cluster-9-1266-803","cluster_zoom":9,"expansion_zoom":10.4,"point_count":2,"point_count_abbreviated":"2"}},{"type":"Feature","id":"locality-cluster-9-1264-798","geometry":{"type":"Point","coordinates":[42.26827568181818,36.79496274545455]},"properties":{"id":"locality-cluster-9-1264-798","cluster_zoom":9,"expansion_zoom":10.4,"point_count":11,"point_count_abbreviated":"11"}},{"type":"Feature","id":"locality-cluster-9-1263-798","geometry":{"type":"Point","coordinates":[42.131956412499996,36.80092603749999]},"properties":{"id":"locality-cluster-9-1263-798","cluster_zoom":9,"expansion_zoom":10.4,"point_count":8,"point_count_abbreviated":"8"}},{"type":"Feature","id":"locality-cluster-9-1267-800","geometry":{"type":"Point","coordinates":[42.81587660180035,36.542099381999996]},"properties":{"id":"locality-cluster-9-1267-800","cluster_zoom":9,"expansion_zoom":10.4,"point_count":25,"point_count_abbreviated":"25"}},{"type":"Feature","id":"locality-cluster-9-1268-800","geometry":{"type":"Point","coordinates":[42.98132322162162,36.529258343243235]},"properties":{"id":"locality-cluster-9-1268-800","cluster_zoom":9,"expansion_zoom":10.4,"point_count":37,"point_count_abbreviated":"37"}},{"type":"Feature","id":"locality-cluster-9-1268-801","geometry":{"type":"Point","coordinates":[43.0032145,36.40968672105263]},"properties":{"id":"locality-cluster-9-1268-801","cluster_zoom":9,"expansion_zoom":10.4,"point_count":19,"point_count_abbreviated":"19"}},{"type":"Feature","id":"locality-cluster-9-1277-812","geometry":{"type":"Point","coordinates":[44.56735882916667,34.806333529166665]},"properties":{"id":"locality-cluster-9-1277-812","cluster_zoom":9,"expansion_zoom":10.4,"point_count":24,"point_count_abbreviated":"24"}},{"type":"Feature","id":"locality-cluster-9-1277-814","geometry":{"type":"Point","coordinates":[44.56107054615385,34.577193176923075]},"properties":{"id":"locality-cluster-9-1277-814","cluster_zoom":9,"expansion_zoom":10.4,"point_count":13,"point_count_abbreviated":"13"}},{"type":"Feature","id":"locality-cluster-9-1278-811","geometry":{"type":"Point","coordinates":[44.763285053658535,34.9373830390244]},"properties":{"id":"locality-cluster-9-1278-811","cluster_zoom":9,"expansion_zoom":10.4,"point_count":41,"point_count_abbreviated":"41"}},{"type":"Feature","id":"locality-cluster-9-1277-813","geometry":{"type":"Point","coordinates":[44.55787151,34.66839726]},"properties":{"id":"locality-cluster-9-1277-813","cluster_zoom":9,"expansion_zoom":10.4,"point_count":20,"point_count_abbreviated":"20"}},{"type":"Feature","id":"locality-cluster-9-1278-812","geometry":{"type":"Point","coordinates":[44.732520752192286,34.83578896428571]},"properties":{"id":"locality-cluster-9-1278-812","cluster_zoom":9,"expansion_zoom":10.4,"point_count":14,"point_count_abbreviated":"14"}},{"type":"Feature","id":"locality-cluster-9-1279-811","geometry":{"type":"Point","coordinates":[44.91979589316418,34.95648250250001]},"properties":{"id":"locality-cluster-9-1279-811","cluster_zoom":9,"expansion_zoom":10.4,"point_count":40,"point_count_abbreviated":"40"}},{"type":"Feature","id":"locality-cluster-9-1281-808","geometry":{"type":"Point","coordinates":[45.28270175290183,35.387022125581396]},"properties":{"id":"locality-cluster-9-1281-808","cluster_zoom":9,"expansion_zoom":10.4,"point_count":43,"point_count_abbreviated":"43"}},{"type":"Feature","id":"locality-cluster-9-1282-808","geometry":{"type":"Point","coordinates":[45.45882940478044,35.39509780384617]},"properties":{"id":"locality-cluster-9-1282-808","cluster_zoom":9,"expansion_zoom":10.4,"point_count":65,"point_count_abbreviated":"65"}},{"type":"Feature","id":"locality-cluster-9-1282-806","geometry":{"type":"Point","coordinates":[45.440872076098124,35.680273949166676]},"properties":{"id":"locality-cluster-9-1282-806","cluster_zoom":9,"expansion_zoom":10.4,"point_count":60,"point_count_abbreviated":"60"}},{"type":"Feature","id":"locality-cluster-9-1280-806","geometry":{"type":"Point","coordinates":[45.09321065903615,35.67473656506025]},"properties":{"id":"locality-cluster-9-1280-806","cluster_zoom":9,"expansion_zoom":10.4,"point_count":83,"point_count_abbreviated":"83"}},{"type":"Feature","id":"locality-cluster-9-1283-808","geometry":{"type":"Point","coordinates":[45.62961523202511,35.378400669672125]},"properties":{"id":"locality-cluster-9-1283-808","cluster_zoom":9,"expansion_zoom":10.4,"point_count":61,"point_count_abbreviated":"61"}},{"type":"Feature","id":"locality-cluster-9-1281-806","geometry":{"type":"Point","coordinates":[45.236151422727275,35.671689925]},"properties":{"id":"locality-cluster-9-1281-806","cluster_zoom":9,"expansion_zoom":10.4,"point_count":44,"point_count_abbreviated":"44"}},{"type":"Feature","id":"locality-cluster-9-1282-807","geometry":{"type":"Point","coordinates":[45.43099687777777,35.53776553086419]},"properties":{"id":"locality-cluster-9-1282-807","cluster_zoom":9,"expansion_zoom":10.4,"point_count":81,"point_count_abbreviated":"81"}},{"type":"Feature","id":"locality-cluster-9-1280-807","geometry":{"type":"Point","coordinates":[45.09958120674088,35.54118170238095]},"properties":{"id":"locality-cluster-9-1280-807","cluster_zoom":9,"expansion_zoom":10.4,"point_count":63,"point_count_abbreviated":"63"}},{"type":"Feature","id":"locality-cluster-9-1283-807","geometry":{"type":"Point","coordinates":[45.59617293536035,35.54025805925926]},"properties":{"id":"locality-cluster-9-1283-807","cluster_zoom":9,"expansion_zoom":10.4,"point_count":27,"point_count_abbreviated":"27"}},{"type":"Feature","id":"locality-cluster-9-1283-809","geometry":{"type":"Point","coordinates":[45.61195466935483,35.25063859032258]},"properties":{"id":"locality-cluster-9-1283-809","cluster_zoom":9,"expansion_zoom":10.4,"point_count":62,"point_count_abbreviated":"62"}},{"type":"Feature","id":"locality-cluster-9-1281-807","geometry":{"type":"Point","coordinates":[45.266367256173275,35.54622019012344]},"properties":{"id":"locality-cluster-9-1281-807","cluster_zoom":9,"expansion_zoom":10.4,"point_count":81,"point_count_abbreviated":"81"}},{"type":"Feature","id":"locality-cluster-9-1282-809","geometry":{"type":"Point","coordinates":[45.446741114999995,35.25058463750001]},"properties":{"id":"locality-cluster-9-1282-809","cluster_zoom":9,"expansion_zoom":10.4,"point_count":40,"point_count_abbreviated":"40"}},{"type":"Feature","id":"locality-cluster-9-1281-805","geometry":{"type":"Point","coordinates":[45.257414291891884,35.8272600972973]},"properties":{"id":"locality-cluster-9-1281-805","cluster_zoom":9,"expansion_zoom":10.4,"point_count":37,"point_count_abbreviated":"37"}},{"type":"Feature","id":"locality-cluster-9-1281-809","geometry":{"type":"Point","coordinates":[45.240253024541396,35.24414162307693]},"properties":{"id":"locality-cluster-9-1281-809","cluster_zoom":9,"expansion_zoom":10.4,"point_count":39,"point_count_abbreviated":"39"}},{"type":"Feature","id":"locality-cluster-9-1284-808","geometry":{"type":"Point","coordinates":[45.783434051572634,35.36613901231884]},"properties":{"id":"locality-cluster-9-1284-808","cluster_zoom":9,"expansion_zoom":10.4,"point_count":69,"point_count_abbreviated":"69"}},{"type":"Feature","id":"locality-cluster-9-1282-810","geometry":{"type":"Point","coordinates":[45.427370208571425,35.10394879142856]},"properties":{"id":"locality-cluster-9-1282-810","cluster_zoom":9,"expansion_zoom":10.4,"point_count":35,"point_count_abbreviated":"35"}},{"type":"Feature","id":"locality-cluster-9-1279-807","geometry":{"type":"Point","coordinates":[44.918170343426354,35.54884620483871]},"properties":{"id":"locality-cluster-9-1279-807","cluster_zoom":9,"expansion_zoom":10.4,"point_count":62,"point_count_abbreviated":"62"}},{"type":"Feature","id":"locality-cluster-9-1279-810","geometry":{"type":"Point","coordinates":[44.92330247856829,35.096170170454556]},"properties":{"id":"locality-cluster-9-1279-810","cluster_zoom":9,"expansion_zoom":10.4,"point_count":22,"point_count_abbreviated":"22"}},{"type":"Feature","id":"locality-cluster-9-1279-806","geometry":{"type":"Point","coordinates":[44.91664677446809,35.66552465744681]},"properties":{"id":"locality-cluster-9-1279-806","cluster_zoom":9,"expansion_zoom":10.4,"point_count":47,"point_count_abbreviated":"47"}},{"type":"Feature","id":"locality-cluster-9-1280-809","geometry":{"type":"Point","coordinates":[45.109843999999995,35.2526596390244]},"properties":{"id":"locality-cluster-9-1280-809","cluster_zoom":9,"expansion_zoom":10.4,"point_count":41,"point_count_abbreviated":"41"}},{"type":"Feature","id":"locality-cluster-9-1280-810","geometry":{"type":"Point","coordinates":[45.09715342285715,35.11705983428571]},"properties":{"id":"locality-cluster-9-1280-810","cluster_zoom":9,"expansion_zoom":10.4,"point_count":35,"point_count_abbreviated":"35"}},{"type":"Feature","id":"locality-cluster-9-1280-808","geometry":{"type":"Point","coordinates":[45.097381854687484,35.375791876562495]},"properties":{"id":"locality-cluster-9-1280-808","cluster_zoom":9,"expansion_zoom":10.4,"point_count":64,"point_count_abbreviated":"64"}},{"type":"Feature","id":"locality-cluster-9-1279-809","geometry":{"type":"Point","coordinates":[44.910595983720924,35.25374271627907]},"properties":{"id":"locality-cluster-9-1279-809","cluster_zoom":9,"expansion_zoom":10.4,"point_count":43,"point_count_abbreviated":"43"}},{"type":"Feature","id":"locality-cluster-9-1278-810","geometry":{"type":"Point","coordinates":[44.76031275909091,35.09815381818183]},"properties":{"id":"locality-cluster-9-1278-810","cluster_zoom":9,"expansion_zoom":10.4,"point_count":22,"point_count_abbreviated":"22"}},{"type":"Feature","id":"locality-cluster-9-1281-810","geometry":{"type":"Point","coordinates":[45.265673337766934,35.11608446862744]},"properties":{"id":"locality-cluster-9-1281-810","cluster_zoom":9,"expansion_zoom":10.4,"point_count":51,"point_count_abbreviated":"51"}},{"type":"Feature","id":"locality-cluster-9-1280-811","geometry":{"type":"Point","coordinates":[45.096093539188885,34.96128902580645]},"properties":{"id":"locality-cluster-9-1280-811","cluster_zoom":9,"expansion_zoom":10.4,"point_count":31,"point_count_abbreviated":"31"}},{"type":"Feature","id":"locality-cluster-9-1279-808","geometry":{"type":"Point","coordinates":[44.91016150263158,35.39798239210527]},"properties":{"id":"locality-cluster-9-1279-808","cluster_zoom":9,"expansion_zoom":10.4,"point_count":38,"point_count_abbreviated":"38"}},{"type":"Feature","id":"locality-cluster-9-1284-809","geometry":{"type":"Point","coordinates":[45.8073244,35.25166888970589]},"properties":{"id":"locality-cluster-9-1284-809","cluster_zoom":9,"expansion_zoom":10.4,"point_count":68,"point_count_abbreviated":"68"}},{"type":"Feature","id":"locality-cluster-9-1285-809","geometry":{"type":"Point","coordinates":[45.960950070476216,35.25820283142857]},"properties":{"id":"locality-cluster-9-1285-809","cluster_zoom":9,"expansion_zoom":10.4,"point_count":105,"point_count_abbreviated":"105"}},{"type":"Feature","id":"locality-cluster-9-1280-805","geometry":{"type":"Point","coordinates":[45.083360726315775,35.810999617105274]},"properties":{"id":"locality-cluster-9-1280-805","cluster_zoom":9,"expansion_zoom":10.4,"point_count":76,"point_count_abbreviated":"76"}},{"type":"Feature","id":"locality-cluster-9-1279-803","geometry":{"type":"Point","coordinates":[44.90465070882353,36.08055580882354]},"properties":{"id":"locality-cluster-9-1279-803","cluster_zoom":9,"expansion_zoom":10.4,"point_count":34,"point_count_abbreviated":"34"}},{"type":"Feature","id":"locality-cluster-9-1280-804","geometry":{"type":"Point","coordinates":[45.088242599999994,35.96232940303032]},"properties":{"id":"locality-cluster-9-1280-804","cluster_zoom":9,"expansion_zoom":10.4,"point_count":33,"point_count_abbreviated":"33"}},{"type":"Feature","id":"locality-cluster-9-1286-810","geometry":{"type":"Point","coordinates":[46.09995173772262,35.11020970714286]},"properties":{"id":"locality-cluster-9-1286-810","cluster_zoom":9,"expansion_zoom":10.4,"point_count":28,"point_count_abbreviated":"28"}},{"type":"Feature","id":"locality-cluster-9-1286-809","geometry":{"type":"Point","coordinates":[46.107097677145774,35.23575398125]},"properties":{"id":"locality-cluster-9-1286-809","cluster_zoom":9,"expansion_zoom":10.4,"point_count":56,"point_count_abbreviated":"56"}},{"type":"Feature","id":"locality-cluster-9-1285-810","geometry":{"type":"Point","coordinates":[45.958010664285716,35.114643911904764]},"properties":{"id":"locality-cluster-9-1285-810","cluster_zoom":9,"expansion_zoom":10.4,"point_count":42,"point_count_abbreviated":"42"}},{"type":"Feature","id":"locality-cluster-9-1285-808","geometry":{"type":"Point","coordinates":[45.94641394153846,35.38430292615384]},"properties":{"id":"locality-cluster-9-1285-808","cluster_zoom":9,"expansion_zoom":10.4,"point_count":65,"point_count_abbreviated":"65"}},{"type":"Feature","id":"locality-cluster-9-1286-808","geometry":{"type":"Point","coordinates":[46.06560975,35.3302295]},"properties":{"id":"locality-cluster-9-1286-808","cluster_zoom":9,"expansion_zoom":10.4,"point_count":4,"point_count_abbreviated":"4"}},{"type":"Feature","id":"locality-cluster-9-1285-807","geometry":{"type":"Point","coordinates":[45.94831385853658,35.538746373170724]},"properties":{"id":"locality-cluster-9-1285-807","cluster_zoom":9,"expansion_zoom":10.4,"point_count":41,"point_count_abbreviated":"41"}},{"type":"Feature","id":"locality-cluster-9-1281-812","geometry":{"type":"Point","coordinates":[45.25704703940062,34.811587962500006]},"properties":{"id":"locality-cluster-9-1281-812","cluster_zoom":9,"expansion_zoom":10.4,"point_count":60,"point_count_abbreviated":"60"}},{"type":"Feature","id":"locality-cluster-9-1282-811","geometry":{"type":"Point","coordinates":[45.432449,34.94925897735849]},"properties":{"id":"locality-cluster-9-1282-811","cluster_zoom":9,"expansion_zoom":10.4,"point_count":53,"point_count_abbreviated":"53"}},{"type":"Feature","id":"locality-cluster-9-1281-811","geometry":{"type":"Point","coordinates":[45.26946151400001,34.94627544]},"properties":{"id":"locality-cluster-9-1281-811","cluster_zoom":9,"expansion_zoom":10.4,"point_count":50,"point_count_abbreviated":"50"}},{"type":"Feature","id":"locality-cluster-9-1286-806","geometry":{"type":"Point","coordinates":[46.12645428125,35.72725461875001]},"properties":{"id":"locality-cluster-9-1286-806","cluster_zoom":9,"expansion_zoom":10.4,"point_count":16,"point_count_abbreviated":"16"}},{"type":"Feature","id":"locality-cluster-9-1285-805","geometry":{"type":"Point","coordinates":[45.961901098148154,35.79190343333333]},"properties":{"id":"locality-cluster-9-1285-805","cluster_zoom":9,"expansion_zoom":10.4,"point_count":54,"point_count_abbreviated":"54"}},{"type":"Feature","id":"locality-cluster-9-1284-806","geometry":{"type":"Point","coordinates":[45.79241508333334,35.68349113749999]},"properties":{"id":"locality-cluster-9-1284-806","cluster_zoom":9,"expansion_zoom":10.4,"point_count":72,"point_count_abbreviated":"72"}},{"type":"Feature","id":"locality-cluster-9-1287-805","geometry":{"type":"Point","coordinates":[46.27658660555556,35.782353938888896]},"properties":{"id":"locality-cluster-9-1287-805","cluster_zoom":9,"expansion_zoom":10.4,"point_count":18,"point_count_abbreviated":"18"}},{"type":"Feature","id":"locality-cluster-9-1285-806","geometry":{"type":"Point","coordinates":[45.95162367872338,35.679804259574475]},"properties":{"id":"locality-cluster-9-1285-806","cluster_zoom":9,"expansion_zoom":10.4,"point_count":47,"point_count_abbreviated":"47"}},{"type":"Feature","id":"locality-cluster-9-1286-805","geometry":{"type":"Point","coordinates":[46.11959029047619,35.77535669047619]},"properties":{"id":"locality-cluster-9-1286-805","cluster_zoom":9,"expansion_zoom":10.4,"point_count":21,"point_count_abbreviated":"21"}},{"type":"Feature","id":"locality-cluster-9-1284-805","geometry":{"type":"Point","coordinates":[45.78591560454546,35.78411830000001]},"properties":{"id":"locality-cluster-9-1284-805","cluster_zoom":9,"expansion_zoom":10.4,"point_count":44,"point_count_abbreviated":"44"}},{"type":"Feature","id":"locality-cluster-9-1284-807","geometry":{"type":"Point","coordinates":[45.80114207241379,35.529589275862065]},"properties":{"id":"locality-cluster-9-1284-807","cluster_zoom":9,"expansion_zoom":10.4,"point_count":58,"point_count_abbreviated":"58"}},{"type":"Feature","id":"locality-cluster-9-1281-803","geometry":{"type":"Point","coordinates":[45.272071611494255,36.09242585517241]},"properties":{"id":"locality-cluster-9-1281-803","cluster_zoom":9,"expansion_zoom":10.4,"point_count":87,"point_count_abbreviated":"87"}},{"type":"Feature","id":"locality-cluster-9-1279-801","geometry":{"type":"Point","coordinates":[44.93769025882353,36.39554299411765]},"properties":{"id":"locality-cluster-9-1279-801","cluster_zoom":9,"expansion_zoom":10.4,"point_count":34,"point_count_abbreviated":"34"}},{"type":"Feature","id":"locality-cluster-9-1280-802","geometry":{"type":"Point","coordinates":[45.09258163535356,36.236519918181834]},"properties":{"id":"locality-cluster-9-1280-802","cluster_zoom":9,"expansion_zoom":10.4,"point_count":99,"point_count_abbreviated":"99"}},{"type":"Feature","id":"locality-cluster-9-1279-802","geometry":{"type":"Point","coordinates":[44.92450586034481,36.262030670689654]},"properties":{"id":"locality-cluster-9-1279-802","cluster_zoom":9,"expansion_zoom":10.4,"point_count":58,"point_count_abbreviated":"58"}},{"type":"Feature","id":"locality-cluster-9-1281-802","geometry":{"type":"Point","coordinates":[45.24215947555556,36.23837562000002]},"properties":{"id":"locality-cluster-9-1281-802","cluster_zoom":9,"expansion_zoom":10.4,"point_count":90,"point_count_abbreviated":"90"}},{"type":"Feature","id":"locality-cluster-9-1280-803","geometry":{"type":"Point","coordinates":[45.09633845576923,36.116945942307694]},"properties":{"id":"locality-cluster-9-1280-803","cluster_zoom":9,"expansion_zoom":10.4,"point_count":52,"point_count_abbreviated":"52"}},{"type":"Feature","id":"locality-cluster-9-1280-801","geometry":{"type":"Point","coordinates":[45.06133907500001,36.3900138]},"properties":{"id":"locality-cluster-9-1280-801","cluster_zoom":9,"expansion_zoom":10.4,"point_count":44,"point_count_abbreviated":"44"}},{"type":"Feature","id":"locality-cluster-9-1281-801","geometry":{"type":"Point","coordinates":[45.193613219999996,36.34560696]},"properties":{"id":"locality-cluster-9-1281-801","cluster_zoom":9,"expansion_zoom":10.4,"point_count":10,"point_count_abbreviated":"10"}},{"type":"Feature","id":"locality-cluster-9-1282-803","geometry":{"type":"Point","coordinates":[45.35759298888888,36.07080833333333]},"properties":{"id":"locality-cluster-9-1282-803","cluster_zoom":9,"expansion_zoom":10.4,"point_count":9,"point_count_abbreviated":"9"}},{"type":"Feature","id":"locality-cluster-9-1281-804","geometry":{"type":"Point","coordinates":[45.258372321739124,35.98163953043478]},"properties":{"id":"locality-cluster-9-1281-804","cluster_zoom":9,"expansion_zoom":10.4,"point_count":23,"point_count_abbreviated":"23"}},{"type":"Feature","id":"locality-cluster-9-1282-804","geometry":{"type":"Point","coordinates":[45.43783651267605,35.94902795070421]},"properties":{"id":"locality-cluster-9-1282-804","cluster_zoom":9,"expansion_zoom":10.4,"point_count":71,"point_count_abbreviated":"71"}},{"type":"Feature","id":"locality-cluster-9-1283-805","geometry":{"type":"Point","coordinates":[45.6190893126984,35.80515714285714]},"properties":{"id":"locality-cluster-9-1283-805","cluster_zoom":9,"expansion_zoom":10.4,"point_count":63,"point_count_abbreviated":"63"}},{"type":"Feature","id":"locality-cluster-9-1282-805","geometry":{"type":"Point","coordinates":[45.43571254383561,35.815820886301374]},"properties":{"id":"locality-cluster-9-1282-805","cluster_zoom":9,"expansion_zoom":10.4,"point_count":73,"point_count_abbreviated":"73"}},{"type":"Feature","id":"locality-cluster-9-1283-806","geometry":{"type":"Point","coordinates":[45.612548302941185,35.67618545882352]},"properties":{"id":"locality-cluster-9-1283-806","cluster_zoom":9,"expansion_zoom":10.4,"point_count":68,"point_count_abbreviated":"68"}},{"type":"Feature","id":"locality-cluster-9-1283-804","geometry":{"type":"Point","coordinates":[45.58803874761905,35.942997080952374]},"properties":{"id":"locality-cluster-9-1283-804","cluster_zoom":9,"expansion_zoom":10.4,"point_count":42,"point_count_abbreviated":"42"}}]}
