{"type":"FeatureCollection","features":[{"type":"Feature","properties":{"id":"gov-alsulaymaniyah","level":"governorate","name_ku":"سلێمانی","name_ar":"السليمانية","name_en":"Sulaymaniyah Governorate","source":"Iraq COD-AB operational intersection","data_release":"2026-07-22-nav-kurd-systematic-dedupe-2027","aliases_ku":[],"aliases_ar":[],"aliases_en":[],"name_display":"سلێمانی","name":"سلێمانی","language_policy":"verified-kurdish-or-source-original","last_reviewed":"2026-08-27","search_key_ku":"سلێمانی | شوێن","search_key_ar":"السليمانية | مكان","search_key_en":"Sulaymaniyah Governorate | Place","search_key":"سلێمانی | شوێن | السليمانية | مكان | Sulaymaniyah Governorate | Place"},"geometry":{"type":"Polygon","coordinates":[[[45.09166054999997,36.44031540499998],[45.09023287299999,36.449595303000024],[45.088805197,36.452450655999996],[45.08737752000002,36.454592171],[45.073100753999995,36.46744125999999],[45.069531563,36.483859541000015],[45.069531563,36.48885640899999],[45.06167934199999,36.500277821],[45.05454095900001,36.505274688999975],[45.03169813400001,36.51812377800002],[45.020503012000006,36.52359165600001],[45.012472331000026,36.52002246500001],[45.008010841999976,36.52002246500001],[45.00711854399998,36.50753029499998],[45.00711854399998,36.490576635000025],[45.00444165099998,36.480761358999985],[44.999980160999996,36.467376891000015],[44.995518672,36.452207826999995],[44.98124190599998,36.446854040000005],[44.945549992,36.449530933999995],[44.92681173699998,36.452207826999995],[44.91610416200001,36.45310012499999],[44.90182739699998,36.45934620999998],[44.886658333000014,36.46559229500002],[44.876846648000026,36.469407950000004],[44.870596971,36.47183838000001],[44.85988939700002,36.46291540200002],[44.842935737999994,36.448638636],[44.827766673999975,36.438823359000025],[44.82062829099999,36.43793106200002],[44.806035356999985,36.436888709000016],[44.79564395099999,36.436146466000025],[44.76887501499999,36.43793106200002],[44.75549054700002,36.43703876400002],[44.738536888,36.43257727399998],[44.72069093099998,36.42811578499999],[44.70641416500001,36.429008082999985],[44.69630864099997,36.43189537500001],[44.687675909999996,36.434361869999975],[44.671614549000026,36.441500253000015],[44.651091698000016,36.434361869999975],[44.64480708999997,36.42116419299998],[44.64462795999998,36.42078802100002],[44.64216871899998,36.415623615000015],[44.635030336,36.40937752999997],[44.62343046400002,36.395993062],[44.61718437899998,36.389746977000016],[44.59309233699997,36.37547021099999],[44.57792327300001,36.368331829],[44.569892591999974,36.363870339000016],[44.557400422,36.348701275999986],[44.555615827,36.345132084],[44.555615827,36.33710140300002],[44.555615827,36.330855317999976],[44.55650812499999,36.32639382899998],[44.56543110299998,36.32193233999999],[44.57613867800001,36.30854787200002],[44.57881557100001,36.30140948899998],[44.58327706,36.28624042500002],[44.58773854999998,36.266609872000004],[44.59130774099998,36.25857919200001],[44.59576922999997,36.25322540500002],[44.60023072000001,36.24430242599999],[44.61896897499997,36.24430242599999],[44.62967654900001,36.25233310700003],[44.62967654900001,36.25501000000003],[44.64216871899998,36.255902298000024],[44.656445485000006,36.24965621299998],[44.66804535699998,36.24608702199998],[44.67786063400001,36.24519472399999],[44.69213739899999,36.23359485200001],[44.708198761000006,36.215748894],[44.71444484599999,36.204149022000024],[44.71444484599999,36.188979958999994],[44.711767952,36.17738008600003],[44.68240419900002,36.183252837],[44.67607603800002,36.18451846900001],[44.66804535699998,36.18005698000002],[44.658230081,36.171134000999984],[44.656445485000006,36.157749533000015],[44.653768591000016,36.135442087],[44.638599527999986,36.122057618999975],[44.645737911000026,36.10688855500001],[44.658230081,36.10421166200001],[44.66536846399998,36.103319364000015],[44.67072225099997,36.09975017199997],[44.69124510199998,36.084581109],[44.709091059,36.070304342999975],[44.724260121999976,36.058704471],[44.74835216499997,36.046212301000025],[44.780474888000015,36.031935535],[44.78404407900001,36.03015093900001],[44.79463044900001,36.023895357000015],[44.803674632000025,36.018551066999976],[44.811705313000004,36.010520385999996],[44.85007412099998,35.96590549299998],[44.87505846099998,35.94092115299998],[44.900042800999984,35.92396749400001],[44.93127322599997,35.903444643],[44.95090377899999,35.89095247300003],[44.95714986399997,35.88024489899999],[44.96071905500003,35.87221421800001],[44.95714986399997,35.86775272900002],[44.95001148099999,35.86329123899998],[44.93662701300002,35.861506643999974],[44.923242544999994,35.865968133000024],[44.900042800999984,35.878460303],[44.88041224800003,35.87310651600001],[44.88041224800003,35.851691367],[44.841151142,35.84098379300002],[44.83579735500001,35.850799069000004],[44.829551270000024,35.85793745199999],[44.82598207799998,35.861506643999974],[44.816166802,35.85793745199999],[44.811705313000004,35.852583665],[44.806351526000014,35.84455298400002],[44.79207475999999,35.850799069000004],[44.77422880300003,35.85972204799998],[44.751921356000025,35.85436826099999],[44.736752292000006,35.86239894200003],[44.71712173899999,35.861506643999974],[44.708198761000006,35.86061434599998],[44.700168080000026,35.861506643999974],[44.686783612,35.86953732400002],[44.682322123000006,35.87042962200002],[44.67518374000002,35.87042962200002],[44.669829952999976,35.868645027000014],[44.66269156999999,35.868645027000014],[44.648414804000026,35.87310651600001],[44.641276420999986,35.87578340900001],[44.635922633999996,35.878460303],[44.62878425100001,35.88202949499998],[44.635926466,35.861931814],[44.639733604000014,35.85558658399998],[44.64227169499998,35.847972309],[44.644809786999986,35.83528185099999],[44.647347878999994,35.823860438],[44.648616925,35.80863188799998],[44.65623119999998,35.807362841999975],[44.66511452100002,35.84035803400002],[44.67907402499998,35.83781994200001],[44.67907402499998,35.82132234599999],[44.684150208000005,35.809900933999984],[44.68034307099998,35.801017613],[44.67780497899997,35.79594143000003],[44.67526688700002,35.781981925000025],[44.684150208000005,35.76802242100001],[44.68795734600002,35.762946237999984],[44.70572398799999,35.745179596000014],[44.71587635399999,35.73883436599999],[44.720952538000006,35.73756532099998],[44.723490630000015,35.735027229000025],[44.723490630000015,35.729951046],[44.72222158400001,35.718529633],[44.71714539999999,35.713453449999975],[44.71080017100002,35.70710822000001],[44.72983585899999,35.703301082999985],[44.742526317,35.703301082999985],[44.767907234000006,35.70203203699998],[44.783135784000024,35.69187966999999],[44.79582624300002,35.681727303],[44.79582624300002,35.66396066200002],[44.78440483000003,35.64492497399999],[44.763181771000006,35.62466659900002],[44.756485822,35.61827501099998],[44.74760250100002,35.601777415000015],[44.74760250100002,35.589086957000006],[44.75014059199998,35.56878222300003],[44.751206448999994,35.56497559100001],[44.75902391300002,35.53705607699999],[44.74760250100002,35.53451798499998],[44.74760250100002,35.523096572999975],[44.74760250100002,35.50913706799997],[44.748871545999975,35.488832334999984],[44.76410009699998,35.48756328899998],[44.766638188,35.479949014],[44.77171437200002,35.47487282999998],[44.77679055499999,35.468527601000005],[44.780597693000004,35.468527601000005],[44.78948101399999,35.468527601000005],[44.80597861000001,35.465989509999986],[44.808516700999974,35.421572905000005],[44.80621609799999,35.42052717600001],[44.780597693000004,35.40888244600001],[44.76917628000001,35.39111580500003],[44.75394772999999,35.379694391999976],[44.728566812999986,35.36827297899998],[44.728566812999986,35.35812061299998],[44.73237395000001,35.342892061999976],[44.73998822599998,35.33908492500001],[44.755216776,35.33147065000003],[44.765369142,35.30355164100001],[44.75394772999999,35.29339927400002],[44.733642996000015,35.29339927400002],[44.723490630000015,35.278170724000006],[44.718414446,35.25786599100002],[44.71080017100002,35.228677936],[44.70572398799999,35.212180339999975],[44.696840667000004,35.19568274400001],[44.69049543800003,35.17791610199998],[44.69049543800003,35.174108965000016],[44.694302574999995,35.16268755200002],[44.673997842000006,35.16141850600002],[44.63338837399999,35.157611368999994],[44.60927650299999,35.13349949799999],[44.58643367799999,35.11446381000002],[44.575520368000014,35.11446381000002],[44.571205127999974,35.11446381000002],[44.565890997999986,35.11077564599998],[44.570933603000015,35.105604062],[44.57681830299998,35.09971936199997],[44.58711652699998,35.09236348799999],[44.59888592599998,35.082065263000004],[44.61948237500002,35.068824688999996],[44.629780599000014,35.058526465],[44.63640088599999,35.05117059000003],[44.646699110999975,35.03645884100001],[44.65258381000001,35.023218267000004],[44.65552616000002,35.01512680500002],[44.662882034999996,35.00924210599999],[44.67097349699998,35.00482858100003],[44.67097349699998,35.007035342999984],[44.67685819600001,35.01586239300002],[44.679800546000024,35.02910296699997],[44.691569945000026,35.034987666999996],[44.71657991799998,35.02542503000001],[44.720993443,35.026896205000014],[44.74232547899999,35.034987666999996],[44.759243991000005,35.04307912899998],[44.759243991000005,35.02983855399998],[44.769542215,35.03278090399999],[44.77836926399999,35.03278090399999],[44.78572513900002,35.03278090399999],[44.79013866399998,35.032045316999984],[44.79896571299997,35.028367378999974],[44.81220628699998,35.02027591799998],[44.82544686099999,35.010713280999994],[44.834273911000025,35.001886231000015],[44.848250071999985,34.999679469],[44.88502944499999,34.998208293999994],[44.91813087999998,34.99673711899999],[44.93725615400001,34.99673711899999],[44.94314085399998,34.99011683200001],[44.95932377700001,34.973198320999984],[44.969622001999994,34.960693333999984],[44.97132300300001,34.95842533199999],[44.97624228900003,34.951866284999994],[44.97624228900003,34.947452759999976],[44.97550670099997,34.935683360999974],[44.96815082699999,34.916558087],[44.965944064999974,34.906259863],[44.970357589,34.88787017599998],[44.972564352000006,34.86727372799999],[44.97550670099997,34.85476874099999],[44.98244329200003,34.84845602199999],[44.99243702799998,34.836320770999976],[44.99743389600002,34.834893093999995],[45.005286117000026,34.834893093999995],[45.01527985299998,34.83203774100002],[45.02241823600002,34.83061006499997],[45.033839649000015,34.817760975],[45.058110150000005,34.79920118000001],[45.06810388600002,34.80491188600001],[45.08023913699998,34.82918238799999],[45.105937315999995,34.842745315],[45.119500243000005,34.833465418],[45.12449711099998,34.814905622000026],[45.133063171,34.79063511999999],[45.115217212999994,34.77421684000001],[45.120927919999986,34.762795427000015],[45.15162296599999,34.77992754600001],[45.17375195300002,34.77635835500001],[45.18303185100001,34.76921997199997],[45.19659477800002,34.759940073999985],[45.22800366299998,34.734241896000015],[45.23585588399999,34.71496826200001],[45.25013265000001,34.71139907000003],[45.25512951799999,34.70997139399998],[45.26583709200003,34.683559376999995],[45.25798487100002,34.67784867099999],[45.23085901600001,34.662858067],[45.23014517799999,34.652150491999976],[45.23228669299999,34.64786746300001],[45.24799113500001,34.62573847599998],[45.22157911800002,34.60289565099998],[45.23157285399998,34.59004656100001],[45.23871123700002,34.580052824999996],[45.24513578199998,34.56434838299998],[45.25013265000001,34.55649616199997],[45.250271494,34.556156765000026],[45.25655719500003,34.540791719000026],[45.260126386000024,34.53722252799997],[45.26583709200003,34.53865020500001],[45.26916050199998,34.54130893299998],[45.26940628400001,34.54150555799998],[45.27029109799997,34.54243952899998],[45.282255373,34.55506848499999],[45.29404452799997,34.56751259399999],[45.29510446199998,34.56863141299999],[45.295175124000025,34.56864318999999],[45.303670522000004,34.57005908899998],[45.31599657800001,34.575537337000014],[45.31651961099999,34.575769795999975],[45.31712717400001,34.57666793300001],[45.33293789099997,34.60004029700002],[45.34135320500002,34.612663268000006],[45.34150395099999,34.612889386999996],[45.342483801000014,34.613793864],[45.35078384899998,34.62145544600003],[45.35863606999999,34.62573847599998],[45.3629191,34.62573847599998],[45.375768188999984,34.626452314000005],[45.382906572000024,34.62716615199997],[45.40146636700001,34.63287685900002],[45.416456971,34.63930140299999],[45.42502303100002,34.64072908000003],[45.443996406999986,34.640026363000004],[45.44429666399998,34.640015242000004],[45.44512700299998,34.641156959],[45.45000737100003,34.64786746300001],[45.455004239000004,34.66000271399997],[45.45785959199998,34.674279479000006],[45.46357029799998,34.691411598],[45.46785332799999,34.710685232],[45.474277873000005,34.73709724899999],[45.475408469,34.73822784499998],[45.488137881,34.75095725699998],[45.489268476999996,34.75208785299998],[45.497120698,34.76065391200001],[45.50425908099999,34.773503001999984],[45.50649579100002,34.77772789900001],[45.50722289800001,34.77910132400001],[45.51068362500001,34.78563825200001],[45.51572538200003,34.795721764999996],[45.516394332000004,34.797059665000006],[45.523532714,34.812050269],[45.52924342099999,34.824185520000015],[45.53780948000002,34.833465418],[45.54851705499999,34.84488683000001],[45.55708311400002,34.85559440499998],[45.564221497000005,34.86416046400001],[45.570646040999975,34.869157331999986],[45.58635048399998,34.878437229999975],[45.60134108800003,34.88771712800002],[45.61347633899999,34.89556934900003],[45.61633169200002,34.90342156999998],[45.623470075,34.91627065900002],[45.62989461900003,34.92983358700002],[45.63417764899998,34.94339651400003],[45.63417764899998,34.95124873499998],[45.627039266,34.96909469299999],[45.63060845799998,34.97409156100002],[45.632036133999975,34.98265762],[45.640602193999996,34.98694065000001],[45.6463129,34.99265135600001],[45.64916825300003,35.004072769000004],[45.648454415,35.00906963699998],[45.642743709,35.01763569600001],[45.65059593000001,35.024774079],[45.659875828,35.02905710900001],[45.672011078000025,35.034053976999985],[45.68414632899999,35.04047852100001],[45.687001682000016,35.047616903999995],[45.69913693299998,35.06403518500002],[45.707702993,35.07973962699998],[45.71841056699998,35.09330255499998],[45.72769046500002,35.094016393000004],[45.73768420099998,35.094016393000004],[45.738387054999976,35.093688395000015],[45.748391775000016,35.089019525000026],[45.75410248200001,35.08402265699999],[45.757671673000004,35.074742759],[45.76481005599999,35.06046599299998],[45.77052076199999,35.04476155100002],[45.76980692400002,35.03334013900002],[45.77337611500002,35.026915594],[45.77623146899998,35.020491048999986],[45.77623146899998,35.014780342999984],[45.77623146899998,35.00335892999999],[45.774803792,34.98979600299998],[45.774803792,34.98337145800002],[45.781228337000016,34.97409156100002],[45.78836671900001,34.96409782500001],[45.78479752800001,34.95124873499998],[45.78479752800001,34.940541161],[45.78693904300002,34.933402778000016],[45.78979439599999,34.924836718999984],[45.79621894100001,34.90984611499999],[45.79630856699998,34.90984611499999],[45.809781868000016,34.90984611499999],[45.82191711899998,34.904849247000016],[45.82834166399999,34.901993893],[45.834052369999995,34.898424702],[45.844759943999975,34.896283186999995],[45.85403984200002,34.89414167199999],[45.86331974000001,34.89699702500002],[45.87081775500002,34.899723576999975],[45.871171961000016,34.89985237899998],[45.87145371499997,34.900359536999986],[45.87474115200001,34.90627692300001],[45.87688266700002,34.91270146800002],[45.88116569699997,34.921267527],[45.88544872699998,34.929119748000005],[45.89044559500002,34.93697197],[45.89615630100002,34.946251867],[45.90043933099997,34.95267641200002],[45.90043933099997,34.96124247099999],[45.899725492000016,34.96766701600001],[45.895442462999995,34.97195004600002],[45.89258711000002,34.97766075200002],[45.89330094799999,34.98408529699998],[45.89330094799999,34.98908216500001],[45.88759024199999,34.99836206200001],[45.88544872699998,35.001217415999974],[45.88544872699998,35.005500444999996],[45.88402105,35.01192499000001],[45.88402105,35.023346402000016],[45.88402105,35.033815491999974],[45.88402105,35.034053976999985],[45.88465701000001,35.034451451999985],[45.889731756,35.03762316799998],[45.897583978,35.04190619799999],[45.909005390000004,35.04190619799999],[45.91899912600002,35.04333387499997],[45.928067037999995,35.04333387499997],[45.928279024000005,35.04333387499997],[45.928702998000006,35.043969834999984],[45.929706700999986,35.04547538899999],[45.929706700999986,35.04833074300001],[45.929706700999986,35.05118609599998],[45.926851347000024,35.062607507999985],[45.926137509,35.071173568000006],[45.92756518599998,35.07402892099998],[45.92951591299999,35.078580617],[45.929706700999986,35.07902578900001],[45.930151873,35.07921657700001],[45.939700437,35.083308819000024],[45.948980334,35.08259498000001],[45.95326336400001,35.08259498000001],[45.95754639400002,35.080453465999994],[45.96325710000002,35.07545659800002],[45.971823159999985,35.071173568000006],[45.97896154199998,35.069032053],[45.99181063200001,35.06189367000002],[46.00109052900001,35.062607507999985],[46.00394588299997,35.06474902299999],[46.01108426500002,35.066890537999996],[46.01322578000003,35.06474902299999],[46.019650324999986,35.05975215500001],[46.02321951599998,35.05903831699999],[46.026788708000026,35.05404144900001],[46.027502545999994,35.049758419],[46.031785576000004,35.046189228],[46.03678244399998,35.04833074300001],[46.045348503000014,35.04833074300001],[46.049631533000024,35.04833074300001],[46.049631533000024,35.04262003600002],[46.05391456299998,35.04047852100001],[46.05605607799998,35.038337006999996],[46.05891143100001,35.03619549199999],[46.06319445999998,35.03619549199999],[46.06383041999999,35.036831452],[46.065413853999985,35.03841488500001],[46.066049813999996,35.03905084500002],[46.066049813999996,35.044047713],[46.067936944999985,35.04845101799998],[46.068191329,35.049044580999976],[46.068572904999996,35.04908697799999],[46.07414672200002,35.04970629100001],[46.07461587300003,35.049758419],[46.07478268199998,35.05034225100002],[46.07604355000001,35.05475528699998],[46.06961900499999,35.055469125],[46.06676365200002,35.05761064000001],[46.06747748999999,35.06046599299998],[46.068905167000025,35.062607507999985],[46.068905167000025,35.07188740599997],[46.072985845999995,35.08276921700002],[46.07318819699998,35.083308819000024],[46.073621806000006,35.083405176999975],[46.079612741000005,35.084736495000016],[46.08960647700002,35.08759184799999],[46.094603344999996,35.084736495000016],[46.09674486,35.080453465999994],[46.098886375000006,35.076170435999984],[46.10174172799998,35.07402892099998],[46.10888011100002,35.07402892099998],[46.11530465599998,35.07402892099998],[46.12244303799997,35.074742759],[46.133150613,35.07902578900001],[46.14171667199997,35.081881141999986],[46.15099657000002,35.081881141999986],[46.15855010500002,35.08296021899997],[46.159733174999985,35.08312922900001],[46.160990305999974,35.083308819000024],[46.163845659,35.08402265699999],[46.175267072,35.095444069999985],[46.18597464599998,35.105437806],[46.187402323000015,35.110434673999976],[46.18383313099997,35.113290027000005],[46.172411719000024,35.117573057000016],[46.160276468000006,35.12256992499999],[46.154565761000015,35.12471143900001],[46.15385192299999,35.12970830699999],[46.15742111499998,35.13541901399998],[46.158848791000025,35.143271234999986],[46.158848791000025,35.14898194099999],[46.158134953,35.15469264799998],[46.15742111499998,35.158975677],[46.158134953,35.16468638399999],[46.16313182099998,35.16754173700002],[46.168128689000014,35.17111092800002],[46.175267072,35.171824765999986],[46.180263939999975,35.173252443000024],[46.187402323000015,35.178249311],[46.19882373500002,35.18752920899999],[46.20310676499997,35.19038456200002],[46.203820603,35.19466759199997],[46.200965250000024,35.19966446000001],[46.19525454400002,35.20251981299998],[46.19525454400002,35.20537516600001],[46.196682220000014,35.20965819600002],[46.19239919099999,35.21322738700002],[46.186688484,35.218224254999996],[46.17955010100002,35.21893809300002],[46.17312555699999,35.22179344699998],[46.16741485099999,35.22036577],[46.158848791000025,35.21893809300002],[46.15313808500002,35.22322112299997],[46.14814121699999,35.22393496199999],[46.14243051,35.226076476],[46.138147480999976,35.22679031500002],[46.13457828899999,35.22536263799998],[46.12815374500002,35.22536263799998],[46.12815374500002,35.22821799100001],[46.12958142100001,35.23107334399998],[46.12958142100001,35.23535637399999],[46.12458455299998,35.234642536000024],[46.119587685,35.233928698],[46.11459081700002,35.23035950600001],[46.112449302000016,35.22893183000002],[46.110307788,35.23035950600001],[46.11173546399999,35.234642536000024],[46.11316314099997,35.23892556599998],[46.11530465599998,35.24392243400001],[46.11816000900001,35.24820546299998],[46.121729200000004,35.251060816000006],[46.127439906000006,35.25320233100001],[46.13172293600002,35.256771523],[46.13743364200002,35.260340713999994],[46.14314434900001,35.266051420999986],[46.14599970199998,35.27247596500001],[46.154565761000015,35.27747283299999],[46.15670727600002,35.28318353899999],[46.154565761000015,35.29103576099999],[46.148548054,35.29885877999999],[46.14742737900002,35.30031565799999],[46.14314434900001,35.310309394],[46.13600596600003,35.31673393900002],[46.13172293600002,35.323158483999975],[46.130295260000025,35.330296866000026],[46.12958142100001,35.33600757300002],[46.12101536199998,35.34243211699999],[46.11173546399999,35.343859794000025],[46.099600212999974,35.345287471000006],[46.093175669000004,35.35099817700001],[46.08675112399999,35.35813655999999],[46.078185065000014,35.36170575099999],[46.068191329,35.36884413400003],[46.06105294600002,35.37955170800001],[46.05391456299998,35.38240706200003],[46.048917695,35.385976253000024],[46.04606234200003,35.390973121],[46.045348503000014,35.39525615100001],[46.04106547399999,35.400966857000014],[46.031785576000004,35.41452978500001],[46.027502545999994,35.42809271200002],[46.02464719300002,35.43308958],[46.02446774399999,35.43321775800001],[46.019650324999986,35.436658771],[46.010370427,35.44522483100002],[46.008942751000006,35.45164937599998],[46.004659720999996,35.46021543500001],[46.003232044000015,35.46806765600002],[46.00109052900001,35.475919877000024],[45.99752133800001,35.48377209900002],[45.991096793,35.49376583499998],[45.99038295499997,35.49876270300001],[45.99038295499997,35.50518724699998],[45.993238308,35.51232563000002],[46.003232044000015,35.51518098299999],[46.008942751000006,35.517322498],[46.012511942,35.519464013000004],[46.012511942,35.523747043000014],[46.007515074000025,35.52945774900002],[46.003232044000015,35.537309970000024],[46.000376690999985,35.54587602999999],[45.99537982300001,35.552300574000014],[45.986813763999976,35.56015279500002],[45.97967538099999,35.568718854999986],[45.97896154199998,35.575857238000026],[45.985386086999995,35.57728491400002],[45.991096793,35.575857238000026],[45.998949014999994,35.57371572300002],[46.004659720999996,35.56943269300001],[46.010370427,35.568718854999986],[46.016081133,35.57014653099998],[46.016794972000014,35.57371572300002],[46.016081133,35.577998752999974],[46.01322578000003,35.57942642900002],[46.007515074000025,35.58585097399998],[46.00822891199999,35.58727864999997],[46.010370427,35.59227551800001],[46.012511942,35.59655854800002],[46.013939618999984,35.60583844600001],[46.013939618999984,35.61583218200002],[46.01322578000003,35.622970565],[46.007515074000025,35.627253594000024],[46.00180436800002,35.63225046299999],[46.00109052900001,35.63367813899998],[46.00109052900001,35.637247331000026],[46.00180436800002,35.640102684],[46.00537355900002,35.646527228000025],[46.006801236,35.649382581],[46.009656588999974,35.65366561100001],[46.009656588999974,35.65652096399998],[46.009656588999974,35.662945509],[46.009656588999974,35.667942376999974],[46.01179810399998,35.67365308299998],[46.012511942,35.67864995100001],[46.016081133,35.68079146600002],[46.02107800099998,35.682219143],[46.026788708000026,35.68507449600003],[46.03464092899998,35.68935752599998],[46.04463466499999,35.694354394000015],[46.048917695,35.69720974699999],[46.05320072400002,35.69792358500001],[46.05891143100001,35.69720974699999],[46.06319445999998,35.69506823199998],[46.06961900499999,35.69149904],[46.075329710999995,35.687929849],[46.08246809399998,35.68507449600003],[46.088178801000026,35.68364681899999],[46.093175669000004,35.68364681899999],[46.099600212999974,35.684360658],[46.10459708100001,35.684360658],[46.10888011100002,35.687216010999975],[46.117446169999994,35.687929849],[46.12387071500001,35.69078520199997],[46.130295260000025,35.69221287900001],[46.135292128,35.69292671699998],[46.139575157000024,35.69149904],[46.144572025,35.690071364000005],[46.14814121699999,35.687929849],[46.151710407999985,35.687929849],[46.15527959999997,35.687929849],[46.15742111499998,35.687929849],[46.16241798300001,35.688643687000024],[46.165273335999984,35.690071364000005],[46.169556365000005,35.69221287900001],[46.17169788000001,35.69506823199998],[46.175267072,35.700778937999985],[46.17669474799999,35.70434813000003],[46.17955010100002,35.709344998000006],[46.183119293000004,35.709344998000006],[46.18954383800002,35.71005883599997],[46.19311302900002,35.71148651300001],[46.19596838199999,35.71505570400001],[46.198109896999995,35.71719721900001],[46.202392927000005,35.71933873400002],[46.203820603,35.71933873400002],[46.21095898599998,35.71719721900001],[46.21524201599999,35.71648338099999],[46.221666561000006,35.714341865999984],[46.232374134999986,35.710772674],[46.235229488000016,35.710772674],[46.239512518000026,35.71148651300001],[46.24665090100001,35.715769541999975],[46.25735847499999,35.722907925000015],[46.267352211,35.72504944000002],[46.278773623999996,35.729332469999974],[46.281628977000025,35.733615498999995],[46.28234281499999,35.74432307400002],[46.28519816800002,35.74503691199999],[46.290195036,35.74503691199999],[46.29447806600001,35.74646458900003],[46.300902611000026,35.74789226500002],[46.30233028700002,35.751461457000005],[46.30233028700002,35.755030648],[46.305899479000004,35.75645832499998],[46.311610185000006,35.75717216300001],[46.318034728999976,35.75717216300001],[46.32802846499999,35.762169030999985],[46.332311495,35.765024384000014],[46.33302533400001,35.76787973699999],[46.33659452500001,35.775731957999994],[46.34087755500002,35.78072882599997],[46.34872977600003,35.78715337099999],[46.348015938,35.793577916000004],[46.34872977600003,35.80642700499999],[46.345160583999984,35.814279226],[46.33944987799998,35.819989932],[46.330169979999994,35.822131447000004],[46.322317758999986,35.822131447000004],[46.31446553799998,35.82284528600002],[46.30661331699997,35.82570063899999],[46.29804725700001,35.82998366800001],[46.290908874000024,35.82855599200002],[46.28591200599999,35.82712831499998],[46.281628977000025,35.82284528600002],[46.27663210899999,35.817134579000026],[46.270207563999975,35.81213771099999],[46.261641505,35.810710035],[46.253789283,35.808568519999994],[46.248792415000025,35.810710035],[46.240226355999994,35.810710035],[46.23023261999998,35.810710035],[46.22452191399998,35.80571316700002],[46.215955854000015,35.797147107],[46.21024514800001,35.795005591999995],[46.20167908799999,35.79857478399998],[46.19097151400001,35.797860945000025],[46.17955010100002,35.797147107],[46.161704144,35.80000245999997],[46.155993437999996,35.80214397499998],[46.14314434900001,35.81356538799997],[46.13600596600003,35.82427296200001],[46.135292128,35.82926982999999],[46.135292128,35.83212518300002],[46.14243051,35.838549727999975],[46.14243051,35.842832757999986],[46.138147480999976,35.844974272],[46.127439906000006,35.84211891899997],[46.116732332000026,35.842832757999986],[46.111021626000024,35.84711578700001],[46.10102789000001,35.85425416999999],[46.093175669000004,35.85996487699998],[46.08460960899998,35.8585372],[46.076757387999976,35.854968008000014],[46.06676365200002,35.852826494],[46.058197592,35.85139881700002],[46.048203855999986,35.84854346399999],[46.04106547399999,35.84211891899997],[46.03392709100001,35.837122050999994],[46.02536103099999,35.83283902199997],[46.01893648700002,35.83141134499999],[46.00537355900002,35.83212518300002],[46.00251820599999,35.83426669800002],[45.99680749999999,35.83783589000001],[45.988241440000024,35.839977404000024],[45.98253073400002,35.84069124299998],[45.970395483000004,35.842832757999986],[45.96325710000002,35.842832757999986],[45.958260231999986,35.84069124299998],[45.953977201999976,35.835694375],[45.94683881899999,35.82926982999999],[45.94041427500002,35.82570063899999],[45.93327589199998,35.82712831499998],[45.91685761100001,35.83355286],[45.90186700700002,35.838549727999975],[45.89330094799999,35.83783589000001],[45.88616256500001,35.835694375],[45.88259337400001,35.83355286],[45.87688266700002,35.823559123999985],[45.86974428399998,35.814279226],[45.865461255000014,35.814279226],[45.85261216499998,35.817134579000026],[45.84119075299998,35.81570690299998],[45.832624693000014,35.81213771099999],[45.82405863399998,35.811423873000024],[45.811209545,35.81499306400002],[45.79907429399998,35.82141760899998],[45.78836671900001,35.817134579000026],[45.784398539999984,35.813544321999984],[45.77337611500002,35.80357165200002],[45.76552389400001,35.80000245999997],[45.75624399600002,35.804285489999984],[45.73768420099998,35.830697507000025],[45.726976627,35.845688111000015],[45.72269359699999,35.856395684999995],[45.71198602300001,35.87495548099997],[45.704847640000025,35.88209386300002],[45.697709256999985,35.89208759899998],[45.68771552099997,35.898512143999994],[45.67343875500001,35.90493668900001],[45.67272491699998,35.90850588000001],[45.667728049000004,35.917785777999995],[45.652737445000014,35.93063486699998],[45.645599061999974,35.935631735000015],[45.64202986999999,35.942770118],[45.643457547000025,35.94990850099998],[45.63274997299999,35.95633304500001],[45.627039266,35.96061607500002],[45.606337956000004,35.961329912999986],[45.60276876400002,35.96632678100002],[45.60062725,35.974892840999985],[45.59991341099999,35.98060354699999],[45.58777816000003,35.981317386],[45.57635674800002,35.98417273899997],[45.57278755599998,35.98560041500002],[45.564221497000005,35.99559415099998],[45.559938466999995,35.99987718099999],[45.55280008400001,36.001304858000026],[45.542806348,36.00201869599999],[45.531384935999995,35.997021828000015],[45.525674229,35.997021828000015],[45.51972354899999,35.998852806],[45.516394332000004,35.99987718099999],[45.50925594900002,36.00273253400002],[45.499976050999976,36.003446371999985],[45.48641312299998,36.004160211],[45.47927474099998,35.99987718099999],[45.472136358,35.99488031300001],[45.46285646000001,35.992738798000005],[45.450721208999994,35.99630798999999],[45.44215515000002,35.99630798999999],[45.438585957999976,35.99202495999998],[45.43358909,35.98560041500002],[45.427878383999996,35.98345890000002],[45.41859848600001,35.98631425399998],[45.41788464799998,35.98274506199999],[45.414315456,35.97632051800002],[45.41360161799997,35.973465164000004],[45.40931858800002,35.973465164000004],[45.40075252899999,35.973465164000004],[45.389331115999994,35.97703435599999],[45.37933737999998,35.97703435599999],[45.375768188999984,35.979175870999995],[45.366488290999996,35.982031224000025],[45.365060614000015,35.979175870999995],[45.35720839300001,35.979175870999995],[45.352925363,35.987028092],[45.349356172,35.99559415099998],[45.340790113000025,36.006301726000004],[45.343645466,36.010584755000025],[45.349356172,36.01772313800001],[45.35863606999999,36.032713742],[45.36149142300002,36.043421317000025],[45.36434677599999,36.05484272899997],[45.36791596799998,36.06269494999998],[45.375768188999984,36.069119494999995],[45.38362040999999,36.07554404000001],[45.38647576300002,36.08196858399998],[45.37933737999998,36.099100702999976],[45.37077132100001,36.11052211600003],[45.35934990800001,36.119088175],[45.355066878,36.12836807299999],[45.35363920200001,36.13407877899999],[45.34150395099999,36.144072515000005],[45.34150395099999,36.14692786799998],[45.34007627400001,36.15692160399999],[45.33722092099998,36.17333988500002],[45.33722092099998,36.17905059100002],[45.34007627400001,36.189044326999976],[45.342931626999984,36.19832422500002],[45.34221778900002,36.20189341700001],[45.336507083000015,36.216884021],[45.333651729999985,36.226163918],[45.33151021499998,36.234016139999994],[45.329368699999975,36.238299169000015],[45.318661125999995,36.24329603699999],[45.303670522000004,36.247579067000004],[45.29224910900001,36.24686522899998],[45.28011385799999,36.25400361200002],[45.27797234299999,36.25685896499999],[45.28368304999998,36.26185583300003],[45.29367678599999,36.266852701000005],[45.305098197999996,36.27184956899998],[45.312950419,36.27684643700002],[45.307239713,36.28398482],[45.30010133000002,36.28898168799998],[45.29224910900001,36.298261586000024],[45.290107594000006,36.301116938999996],[45.282255373,36.306827645],[45.28082769600002,36.31824905799999],[45.28511072600003,36.33038430900001],[45.287966079,36.341805721000014],[45.284396888,36.35322713400001],[45.28368304999998,36.361079355000015],[45.28653840300001,36.368217738],[45.28368304999998,36.38320834199999],[45.28082769600002,36.389632887000005],[45.262981739,36.412475712],[45.252988002999984,36.426752478000026],[45.239425075999975,36.43389086000002],[45.227289825000014,36.42818015400002],[45.21229922100002,36.42389712400001],[45.201591646,36.42235047499997],[45.19302558700002,36.41759155300002],[45.184459527,36.41378441500001],[45.17398989899999,36.412832631000015],[45.15780956499998,36.40521835599998],[45.13211138600002,36.40617013999997],[45.116882836,36.41473619999999],[45.101654285999984,36.423302259000025],[45.094040011000004,36.43186831899999],[45.09166054999997,36.44031540499998]]]}},{"type":"Feature","properties":{"id":"gov-diyala","level":"governorate","name_ku":"دیالە","name_ar":"ديالى","name_en":"Diyala Governorate","source":"Iraq COD-AB operational intersection","data_release":"2026-07-22-nav-kurd-systematic-dedupe-2027","aliases_ku":[],"aliases_ar":[],"aliases_en":[],"name_display":"دیالە","name":"دیالە","language_policy":"verified-kurdish-or-source-original","last_reviewed":"2026-08-27","search_key_ku":"دیالە | شوێن","search_key_ar":"ديالى | مكان","search_key_en":"Diyala Governorate | Place","search_key":"دیالە | شوێن | ديالى | مكان | Diyala Governorate | Place"},"geometry":{"type":"Polygon","coordinates":[[[45.772244167999986,34.829900357999975],[45.78009638999998,34.836324902],[45.785807095999985,34.83989409399999],[45.790090125999996,34.84560479999999],[45.79365931699999,34.850601668000024],[45.795800832,34.85488469799998],[45.79722850799999,34.86487843399999],[45.79508699399997,34.87701368500001],[45.79151780199999,34.88700742100002],[45.79080396400002,34.89628731900001],[45.790090125999996,34.90271186299998],[45.79567260699997,34.90921015499998],[45.79621894100001,34.90984611499999],[45.78979439599999,34.924836718999984],[45.78693904300002,34.933402778000016],[45.78479752800001,34.940541161],[45.78479752800001,34.95124873499998],[45.78836671900001,34.96409782500001],[45.781228337000016,34.97409156100002],[45.774803792,34.98337145800002],[45.774803792,34.98979600299998],[45.77623146899998,35.00335892999999],[45.77623146899998,35.014780342999984],[45.77623146899998,35.020491048999986],[45.77337611500002,35.026915594],[45.76980692400002,35.03334013900002],[45.77052076199999,35.04476155100002],[45.76481005599999,35.06046599299998],[45.757671673000004,35.074742759],[45.75410248200001,35.08402265699999],[45.748391775000016,35.089019525000026],[45.738387054999976,35.093688395000015],[45.73768420099998,35.094016393000004],[45.72769046500002,35.094016393000004],[45.71841056699998,35.09330255499998],[45.707702993,35.07973962699998],[45.69913693299998,35.06403518500002],[45.687001682000016,35.047616903999995],[45.68414632899999,35.04047852100001],[45.672011078000025,35.034053976999985],[45.659875828,35.02905710900001],[45.65059593000001,35.024774079],[45.642743709,35.01763569600001],[45.648454415,35.00906963699998],[45.64916825300003,35.004072769000004],[45.6463129,34.99265135600001],[45.640602193999996,34.98694065000001],[45.632036133999975,34.98265762],[45.63060845799998,34.97409156100002],[45.627039266,34.96909469299999],[45.63417764899998,34.95124873499998],[45.63417764899998,34.94339651400003],[45.62989461900003,34.92983358700002],[45.623470075,34.91627065900002],[45.61633169200002,34.90342156999998],[45.61347633899999,34.89556934900003],[45.60134108800003,34.88771712800002],[45.58635048399998,34.878437229999975],[45.570646040999975,34.869157331999986],[45.564221497000005,34.86416046400001],[45.55708311400002,34.85559440499998],[45.54851705499999,34.84488683000001],[45.53780948000002,34.833465418],[45.52924342099999,34.824185520000015],[45.523532714,34.812050269],[45.516394332000004,34.797059665000006],[45.51572538200003,34.795721764999996],[45.51068362500001,34.78563825200001],[45.50722289800001,34.77910132400001],[45.50649579100002,34.77772789900001],[45.50425908099999,34.773503001999984],[45.497120698,34.76065391200001],[45.489268476999996,34.75208785299998],[45.488137881,34.75095725699998],[45.475408469,34.73822784499998],[45.474277873000005,34.73709724899999],[45.46785332799999,34.710685232],[45.46357029799998,34.691411598],[45.45785959199998,34.674279479000006],[45.455004239000004,34.66000271399997],[45.45000737100003,34.64786746300001],[45.44512700299998,34.641156959],[45.44429666399998,34.640015242000004],[45.443996406999986,34.640026363000004],[45.42502303100002,34.64072908000003],[45.416456971,34.63930140299999],[45.40146636700001,34.63287685900002],[45.382906572000024,34.62716615199997],[45.375768188999984,34.626452314000005],[45.3629191,34.62573847599998],[45.35863606999999,34.62573847599998],[45.35078384899998,34.62145544600003],[45.342483801000014,34.613793864],[45.34150395099999,34.612889386999996],[45.34135320500002,34.612663268000006],[45.33293789099997,34.60004029700002],[45.31712717400001,34.57666793300001],[45.31651961099999,34.575769795999975],[45.31599657800001,34.575537337000014],[45.303670522000004,34.57005908899998],[45.295175124000025,34.56864318999999],[45.29510446199998,34.56863141299999],[45.29404452799997,34.56751259399999],[45.282255373,34.55506848499999],[45.27029109799997,34.54243952899998],[45.26940628400001,34.54150555799998],[45.26916050199998,34.54130893299998],[45.26583709200003,34.53865020500001],[45.260126386000024,34.53722252799997],[45.25655719500003,34.540791719000026],[45.250271494,34.556156765000026],[45.25013265000001,34.55649616199997],[45.24513578199998,34.56434838299998],[45.23871123700002,34.580052824999996],[45.23157285399998,34.59004656100001],[45.22157911800002,34.60289565099998],[45.24799113500001,34.62573847599998],[45.23228669299999,34.64786746300001],[45.23014517799999,34.652150491999976],[45.23085901600001,34.662858067],[45.25798487100002,34.67784867099999],[45.26583709200003,34.683559376999995],[45.25512951799999,34.70997139399998],[45.25013265000001,34.71139907000003],[45.23585588399999,34.71496826200001],[45.22800366299998,34.734241896000015],[45.19659477800002,34.759940073999985],[45.18303185100001,34.76921997199997],[45.17375195300002,34.77635835500001],[45.15162296599999,34.77992754600001],[45.120927919999986,34.762795427000015],[45.115217212999994,34.77421684000001],[45.133063171,34.79063511999999],[45.12449711099998,34.814905622000026],[45.119500243000005,34.833465418],[45.105937315999995,34.842745315],[45.08023913699998,34.82918238799999],[45.06810388600002,34.80491188600001],[45.058110150000005,34.79920118000001],[45.033839649000015,34.817760975],[45.02241823600002,34.83061006499997],[45.01527985299998,34.83203774100002],[45.005286117000026,34.834893093999995],[44.99743389600002,34.834893093999995],[44.99243702799998,34.836320770999976],[44.98244329200003,34.84845602199999],[44.97550670099997,34.85476874099999],[44.96153054000001,34.84961962900002],[44.946818791,34.84447051699999],[44.931371453999986,34.832701117],[44.918866467999976,34.817989367999985],[44.90268354400001,34.81651819299998],[44.887236207,34.81725378099998],[44.876937983000005,34.81725378099998],[44.86149064599999,34.81357584400001],[44.85928388399998,34.78930145800001],[44.85781270899997,34.771647358999985],[44.85634153400002,34.76134913499999],[44.853110259999994,34.75542513200003],[44.851928009999995,34.75325767300001],[44.848250071999985,34.739281511],[44.82765362399999,34.726776524],[44.81294187499998,34.71868506200002],[44.79970130100003,34.707651251000016],[44.779840439,34.70618007600001],[44.759979578000014,34.703973313000006],[44.750416941000026,34.700295375999985],[44.74158989199998,34.692939502],[44.72467138000002,34.68190569000001],[44.72834931800003,34.673814228000026],[44.734969605,34.66425159099998],[44.739383128999975,34.65542454199999],[44.74894576600002,34.648804255000016],[44.751152529000024,34.645126317000006],[44.751888115999975,34.641448379999986],[44.757037228,34.633356918000004],[44.748860681999986,34.62229453200001],[44.73202725499999,34.599519895000014],[44.71878668099998,34.587014909000004],[44.692305533000024,34.573038747],[44.662146447,34.557591410999976],[44.641549998000016,34.52743232500001],[44.63640088599999,34.528167912000015],[44.655460871,34.50816911499999],[44.66180062900003,34.494697127999984],[44.672102736,34.47092303400001],[44.688744601999986,34.44794141],[44.71331116599998,34.41703508799998],[44.737085260000015,34.39484593399999],[44.76561417300002,34.38058147700002],[44.772319686,34.376111134999974],[44.78938826699999,34.364732081],[44.80127531400001,34.35759985300001],[44.81633224000001,34.33382575899998],[44.843276213000024,34.299749557999974],[44.878144883999994,34.260918538],[44.88923946099999,34.24903149099998],[44.901126508000004,34.236351974],[44.909051206000015,34.20544565199998],[44.93282529999999,34.18721884600001],[44.951844574999996,34.171369449999986],[44.959769273000006,34.16027487299999],[44.973724624,34.154525044000025],[44.98120150300002,34.147048165],[44.98051309599998,34.139254897],[44.97851701000002,34.12967368599999],[44.976121707000004,34.12368542899998],[44.97173031900002,34.11769717200002],[44.97093188399998,34.11330578299999],[44.97113149299997,34.11051126299998],[44.97352679599999,34.106519091999985],[44.98031348699999,34.10292613799999],[44.98250918100001,34.09973239999999],[44.98051309599998,34.09554062000001],[44.979914269999995,34.09294570899999],[44.979115836000005,34.08735666899997],[44.98051309599998,34.082566063],[44.98789861300003,34.079172717999995],[44.99348765299999,34.075779372],[44.99947591,34.071587592000014],[45.003300079999974,34.071000948999995],[45.034800754,34.08169929100001],[45.045499096000015,34.073378359],[45.060952257,34.062680016],[45.065707076000024,34.059708254999975],[45.081160237000006,34.049009911999974],[45.106123035999985,34.02880193200002],[45.12737113200001,34.01297730099998],[45.15188816699998,33.990243324000005],[45.17685096500003,33.96706358199998],[45.19958494299999,33.96884663899999],[45.21741551299999,33.970183932],[45.231679970000016,33.967509345999986],[45.24920214000002,33.96357579800002],[45.25352241799999,33.96260594],[45.27135298899998,33.95413641900001],[45.274027574,33.94477536900001],[45.27536486700001,33.93496855500001],[45.27313604599999,33.92917361999997],[45.27224451699999,33.925161742],[45.26422076099999,33.91847527800002],[45.257088533,33.90911422800002],[45.25040206900002,33.897078593],[45.24237831200003,33.88058531500002],[45.233017261999976,33.86275474500002],[45.22677656299999,33.84626146699998],[45.222764684000026,33.84002076799999],[45.22321044900002,33.82664784000002],[45.22321044900002,33.819515611999975],[45.22321044900002,33.812383383],[45.218752806,33.806588448000014],[45.21652398499998,33.803468097999996],[45.22142739200001,33.78073412100002],[45.222764684000026,33.767806957000005],[45.224101976999975,33.75532555799998],[45.22633079799999,33.742844158000025],[45.22677656299999,33.73749498699999],[45.23123420500002,33.73170005200001],[45.24148678300003,33.716098303000024],[45.25218512599997,33.701833846],[45.25352241799999,33.69960502499998],[45.24148678300003,33.68801515400003],[45.231679970000016,33.67865410500002],[45.22543926999998,33.663498119999986],[45.220981627000015,33.65190824899997],[45.216969748999986,33.63987261400001],[45.216078219999986,33.62248780800002],[45.212066342000014,33.59841653799998],[45.208054463999986,33.57167068199999],[45.20671717099998,33.55918928300002],[45.211174814,33.545370590999994],[45.214740928000026,33.53467224799999],[45.22633079799999,33.51104674200002],[45.233908790999976,33.494553465000024],[45.24460713299999,33.47716865899997],[45.24995630400002,33.46602455200002],[45.255305475,33.45131433099999],[45.25352241799999,33.43749563900002],[45.25173936099998,33.42189388999998],[45.24951054000002,33.41476166199999],[45.24014949100001,33.40495484799999],[45.224993505999976,33.39291921300003],[45.224993505999976,33.382220871000015],[45.22365621300003,33.34477667300001],[45.22257704399999,33.305386992000024],[45.250793488,33.306006189000016],[45.27760919100001,33.306006189000016],[45.28110545800001,33.306006189000016],[45.30428519999998,33.306006189000016],[45.30606825699999,33.31551582600002],[45.307851314000004,33.320270644999994],[45.309634371000016,33.330374635],[45.30606825699999,33.335723805999976],[45.30131343800002,33.34166733000001],[45.296558618999995,33.348799557999996],[45.291803800000025,33.355931785999985],[45.290020743000014,33.35949790000001],[45.290020743000014,33.364847070999986],[45.290020743000014,33.371979298999975],[45.290020743000014,33.377922823000006],[45.29061509600001,33.385055050999995],[45.30012473300002,33.39753645000002],[45.30904001800002,33.414178316000005],[45.31914400800002,33.422499249],[45.325087532,33.42963147699999],[45.336974579000014,33.440329819],[45.34707856900002,33.44865075199999],[45.351833387,33.45340557100002],[45.34886162599997,33.462915209000016],[45.347672921000026,33.47301919900002],[45.34707856900002,33.481340131000024],[45.34707856900002,33.48966106400002],[45.34648421600002,33.492038474000026],[45.339351987999976,33.49857635000001],[45.32865364600002,33.512840805999986],[45.32865364600002,33.51759562500001],[45.332814111999994,33.53186008099999],[45.33638022600002,33.54731324199997],[45.34054069299998,33.55563417500002],[45.345889864000014,33.56573816500003],[45.34470115900001,33.58297438300002],[45.34648421600002,33.59486142999998],[45.361343025,33.59723883999999],[45.3803623,33.600210601000015],[45.38214535700001,33.620418581000024],[45.38452276700002,33.641220912999984],[45.38273971000001,33.64775878900002],[45.40532509899998,33.65845713099998],[45.417806498000004,33.66558936000001],[45.430882250000025,33.67034417799999],[45.46178857199999,33.682825578000006],[45.46892079999998,33.685202987000025],[45.47961914199999,33.68698604399998],[45.490911837,33.68936345399999],[45.49685536099997,33.68936345399999],[45.50339323600002,33.68936345399999],[45.51111981700001,33.68698604399998],[45.51706333999999,33.68460863500002],[45.52657297799999,33.680448168],[45.53608261599999,33.68401428200002],[45.543214843999976,33.68936345399999],[45.549752720000015,33.68579734000002],[45.55629059500001,33.685202987000025],[45.56045106200003,33.681636873],[45.56639458500001,33.676287702000025],[45.569960700000024,33.67093853099999],[45.57768728000002,33.681042520999995],[45.583630803999995,33.68401428200002],[45.588385621999976,33.68223122500001],[45.587791270000025,33.673910293000006],[45.586008213000014,33.66558936000001],[45.58719691800002,33.66202324599999],[45.599678316999984,33.65726842700002],[45.60502748800002,33.664995007000016],[45.60918795499998,33.67034417799999],[45.612754069000005,33.67450464500001],[45.620480649,33.67569335000002],[45.62523546800003,33.67747640699997],[45.62761287699999,33.67925946399998],[45.63236769600002,33.68460863500002],[45.635339457999976,33.692335215000014],[45.640094277,33.701250501000004],[45.643660391000026,33.70659967199998],[45.646632152999985,33.714920604999975],[45.649009562,33.718486719],[45.652575676000026,33.72264718500003],[45.66118374000001,33.73117513699998],[45.66088539499998,33.73415858499999],[45.65945771899999,33.74557999799998],[45.65731620399998,33.755573733999995],[45.653747012999986,33.764853630999994],[45.64589479099999,33.77484736700001],[45.637328732000014,33.78127191200002],[45.625193481,33.79055181000001],[45.61591358300001,33.797690192999994],[45.613772068,33.80268706099997],[45.610202877000006,33.809111605],[45.602350656,33.81839150299999],[45.59449843499999,33.82981291599998],[45.586646212999995,33.84266200500002],[45.57665247699998,33.854083418000016],[45.55880652000002,33.87478472800001],[45.53596369500002,33.909048966],[45.529539150000005,33.92261189300001],[45.52311460599998,33.93260562900002],[45.51740389899999,33.937602497],[45.507410162999975,33.94045784999997],[45.50312713400001,33.94045784999997],[45.49527491200001,33.936888658999976],[45.483139661999985,33.93260562900002],[45.476001279,33.93260562900002],[45.46315219000002,33.934033306],[45.45173077700002,33.93617482100001],[45.44530623200001,33.939744012000006],[45.438167849000024,33.94759623300001],[45.43102946699997,33.95544845400002],[45.424604922000015,33.96187299899998],[45.412469671,33.970439059],[45.41318350900002,33.972580573000016],[45.414704599000004,33.97334111800001],[45.41603886199999,33.97400825],[45.42674643700002,33.97829128000001],[45.438167849000024,33.98257430899997],[45.44671807200001,33.987835985000004],[45.44744774700001,33.98828501600002],[45.447848668000006,33.988966581],[45.454586129999996,34.00042026699998],[45.45571672599999,34.00155086299998],[45.45631088699997,34.002145024000015],[45.457441483000025,34.00327562000001],[45.462438351,34.00613097299998],[45.46886289600002,34.00827248799999],[45.47528743999999,34.01112784100002],[45.476418035999984,34.012258437000014],[45.47701219800001,34.012852597999995],[45.47814279400001,34.01398319399999],[45.476715117000026,34.021121576999974],[45.476715117000026,34.02754612199999],[45.47873100999999,34.033593800999995],[45.478856631999975,34.033970666000016],[45.479861605999986,34.03472439699999],[45.48058138900001,34.03526423400001],[45.481711985000004,34.03611218100002],[45.481711985000004,34.036394830000006],[45.481711985000004,34.03825369600003],[45.48242582300003,34.04396440199997],[45.481711985000004,34.05038894699999],[45.48028430800002,34.054671977],[45.476715117000026,34.061096521000024],[45.48028430800002,34.066093389],[45.481711985000004,34.06966258099999],[45.484156212000016,34.073328920999984],[45.48456733799998,34.07394561000001],[45.48528680800001,34.07445951699998],[45.48956420600001,34.077514801999996],[45.49741642700002,34.08108399299999],[45.49842734600003,34.082094912],[45.498547023000015,34.08221458899999],[45.499557942000024,34.083225508],[45.498844104,34.088222375999976],[45.50384097199998,34.096788436],[45.50791843899998,34.102904636000005],[45.50812400199999,34.10321298000002],[45.509049034999975,34.104035232],[45.514548546000015,34.108923686000026],[45.521686929,34.111065200999974],[45.527397635,34.11177903999999],[45.53239450299998,34.11320671599998],[45.53667753299999,34.11463439300002],[45.540438748999975,34.11714187000001],[45.540960563,34.11748974599999],[45.54156934500003,34.11827246600001],[45.54512435999999,34.12284319999998],[45.54595743099998,34.123914291000006],[45.546254955999984,34.12397379599997],[45.55309581400002,34.125341967],[45.558092681999995,34.12605580500002],[45.56523106499998,34.130338834999975],[45.573986042,34.135726514],[45.57451096199998,34.13604954099998],[45.575116638,34.136857109999994],[45.57879399199999,34.141760248000026],[45.579507831,34.148184791999995],[45.579507831,34.15460933700001],[45.57236944800002,34.166030750000004],[45.566658741000026,34.176738323999984],[45.565944903,34.18030751499998],[45.565944903,34.185304383000016],[45.57022793300001,34.196011957999985],[45.57379712400001,34.206005694],[45.57808015400002,34.213857915000006],[45.583077022,34.23027619599998],[45.588787728,34.24312528500002],[45.59164308099997,34.25240518200002],[45.59307075800001,34.26454043299998],[45.592356919999986,34.27596184599997],[45.59021540499998,34.292380127],[45.58450469899998,34.30879840699998],[45.575938639000015,34.32521668800001],[45.56451722600002,34.338065777],[45.55666500500001,34.34520415999998],[45.548812784000006,34.34805951300001],[45.54167440100002,34.34805951300001],[45.533822180000016,34.34805951300001],[45.52240076700002,34.347345674999985],[45.51686399900001,34.34457729100001],[45.51669006100002,34.34449032200001],[45.51573340300001,34.34344669500001],[45.50883784000001,34.33592426199999],[45.50465037599997,34.32874575300002],[45.50384097199998,34.32735820300002],[45.503519779999976,34.327615157000025],[45.50027178099998,34.33021355599999],[45.492419558999984,34.33877961500002],[45.49099188299999,34.343776483],[45.49099188299999,34.34877335099998],[45.48670885299998,34.35519789599999],[45.48028430800002,34.36661930899999],[45.476715117000026,34.37161617700002],[45.476001279,34.37804072099999],[45.473859764,34.385179103999974],[45.472432087000016,34.39303132499998],[45.47029057200001,34.40088354599999],[45.46672138100001,34.40944960600001],[45.46600754299999,34.418729504],[45.46101067500001,34.425154048000024],[45.454586129999996,34.43443394600001],[45.45244461499999,34.44085849099997],[45.45244461499999,34.450852226999984],[45.453107062000015,34.457476703],[45.453158453000015,34.457990610000024],[45.45423765800001,34.45860729899999],[45.46315219000002,34.46370131600003],[45.46428278600001,34.46483191200002],[45.467018462,34.46756758800001],[45.468149057999995,34.468698184000004],[45.47171824899999,34.468698184000004],[45.47528743999999,34.46941202199997],[45.478856631999975,34.466556669],[45.48456733799998,34.46370131600003],[45.48885036799999,34.46227363899999],[45.49527491200001,34.46155980100002],[45.50169945699997,34.46370131600003],[45.51097935500002,34.465842830999975],[45.51526238500003,34.46798434599998],[45.516392981000024,34.469114941999976],[45.520556333,34.47327829400001],[45.521686929,34.47440889000001],[45.52811147400001,34.48725797899999],[45.533822180000016,34.497251715000004],[45.538105210000026,34.514383834],[45.53739137100001,34.52509140900003],[45.53453601799998,34.53222979200001],[45.52811147400001,34.54293736599999],[45.523828444,34.55150342500002],[45.52311460599998,34.555786454999975],[45.52311460599998,34.562924838000015],[45.527397635,34.573632411999995],[45.53239450299998,34.588623015999985],[45.53460380199999,34.592489288000024],[45.535249857,34.59361988400002],[45.53573439799999,34.59361988400002],[45.54167440100002,34.59361988400002],[45.55095429900001,34.59361988400002],[45.55737884400003,34.587195339999994],[45.56451722600002,34.58005695700001],[45.57522480099999,34.56863554400002],[45.586646212999995,34.56149716099998],[45.601636816999985,34.556500293],[45.61734125999999,34.55221726399998],[45.62305196599999,34.55221726399998],[45.62876267199999,34.55364494000003],[45.634473378999985,34.555786454999975],[45.638756408000006,34.55792796999998],[45.64303943800002,34.55792796999998],[45.64875014400002,34.55721413200001],[45.652319336000005,34.55507261700001],[45.655888527,34.55507261700001],[45.66873761699998,34.555786454999975],[45.67587599900003,34.55721413200001],[45.68158670600002,34.558641808000004],[45.688725089,34.558641808000004],[45.69729114799998,34.55721413200001],[45.70657104600002,34.55507261700001],[45.71442326699997,34.549361910000016],[45.71870629699998,34.54579271900002],[45.727272356000014,34.54150968900001],[45.732983063000006,34.54008201300002],[45.740121445,34.54008201300002],[45.74440447500001,34.54222352800002],[45.746843071,34.54417440399999],[45.747973667,34.545078880999995],[45.747973667,34.545304999999985],[45.747973667,34.54864807199999],[45.74583215199999,34.554358777999994],[45.74511831299998,34.558641808000004],[45.74511831299998,34.562924838000015],[45.74725982799998,34.56792170599999],[45.74725982799998,34.573632411999995],[45.74725982799998,34.58005695700001],[45.743690636999986,34.58576766300001],[45.739407606999976,34.595761399000025],[45.736552254,34.603613619999976],[45.73512457700002,34.61217968],[45.73512457700002,34.617890386],[45.73512457700002,34.62288725399998],[45.73512457700002,34.62859795999998],[45.732983063000006,34.637877858000024],[45.728700032999996,34.64929927100002],[45.72370316500002,34.66143452199998],[45.717992458000026,34.66857290500002],[45.71299558999999,34.66928674299999],[45.710854075999976,34.67499744899999],[45.71014023700002,34.67999431700002],[45.71014023700002,34.68641886199998],[45.70728488399999,34.68998805299998],[45.69657731000001,34.698554113],[45.689438927000026,34.707120171999975],[45.681837065000025,34.710721053999976],[45.68158414999999,34.710840856000004],[45.67587599900003,34.71354471699999],[45.67587599900003,34.720683099999974],[45.67730367600001,34.727821483000014],[45.685155897000016,34.73567370400002],[45.686583574,34.744239762999996],[45.68801124999999,34.75280582300002],[45.695863471999985,34.75923036699999],[45.700146501000006,34.763513397],[45.705857208,34.76779642700001],[45.70871256100003,34.77207945599997],[45.70871256100003,34.77493480999999],[45.70371569299999,34.78564238400003],[45.698718825000014,34.794208443],[45.698004986,34.801346825999985],[45.698004986,34.808485209000025],[45.70157417799999,34.81276823899998],[45.710854075999976,34.819192783000005],[45.72227548799998,34.82490349],[45.73226922399999,34.830614196],[45.736552254,34.830614196],[45.74154912199998,34.830614196],[45.74583215199999,34.82918652000001],[45.75154285799999,34.828472680999994],[45.75653972600003,34.828472680999994],[45.76581962400002,34.828472680999994],[45.772244167999986,34.829900357999975]]]}},{"type":"Feature","properties":{"id":"gov-duhok","level":"governorate","name_ku":"دهۆک","name_ar":"دهوك","name_en":"Duhok Governorate","source":"Iraq COD-AB operational intersection","data_release":"2026-07-22-nav-kurd-systematic-dedupe-2027","aliases_ku":[],"aliases_ar":[],"aliases_en":[],"name_display":"دهۆک","name":"دهۆک","language_policy":"verified-kurdish-or-source-original","last_reviewed":"2026-08-27","search_key_ku":"دهۆک | شوێن","search_key_ar":"دهوك | مكان","search_key_en":"Duhok Governorate | Place","search_key":"دهۆک | شوێن | دهوك | مكان | Duhok Governorate | Place"},"geometry":{"type":"Polygon","coordinates":[[[42.85153945799999,37.34656896000001],[42.84654259000001,37.347996636000005],[42.84225956,37.35156582799999],[42.837262692000024,37.36084572499999],[42.83155198600002,37.370839461],[42.82013057299997,37.37512249100001],[42.80228461600001,37.37726400600002],[42.797287747999974,37.376550167999994],[42.79371855599999,37.37369481500002],[42.78729401200002,37.367270270000006],[42.78301098200001,37.361559564000004],[42.77016189300002,37.35513501899999],[42.750174421,37.35013815100001],[42.736611493,37.347996636000005],[42.730900786999996,37.34728279799998],[42.73018694899997,37.34442744500001],[42.733042302,37.34228593],[42.73803916999998,37.33586138499999],[42.744463714000005,37.330150678999985],[42.744463714000005,37.323012296],[42.74232219999999,37.31730159],[42.733042302,37.311590884],[42.72733159500001,37.30944936899999],[42.714482506000024,37.30873552999998],[42.70234725500001,37.30730785399999],[42.698064225999985,37.303738662],[42.698064225999985,37.301597146999995],[42.70020574,37.294458765],[42.70234725500001,37.288034219999986],[42.69520887200002,37.282323513999984],[42.690925843,37.277326646000006],[42.687356651000016,37.274471292999976],[42.68378746000002,37.271615939000014],[42.67379372400001,37.26947442400001],[42.668083018000004,37.26519139499999],[42.66451382600002,37.26019452700001],[42.65737544299998,37.24377624599998],[42.65666160500001,37.23806553999998],[42.65095089900001,37.23021331899997],[42.639529486000015,37.220933420999984],[42.62953575,37.215936553000006],[42.62525271999999,37.211653522999995],[42.62311120499999,37.20594281699999],[42.62239736700002,37.19880443400001],[42.61811433700001,37.19309372800001],[42.608120600999996,37.185955345000025],[42.60098221800001,37.17810312400002],[42.59527151200001,37.168109388000005],[42.59384383600002,37.158115651],[42.59384383600002,37.153118783000025],[42.590988482,37.14740807700002],[42.58099474599999,37.145980400999974],[42.556010405999984,37.14740807700002],[42.534595258000024,37.14812191499999],[42.527456874999984,37.14526656200002],[42.51603546199999,37.136700502999986],[42.50889707900001,37.133131311],[42.50604172599998,37.133131311],[42.497475667,37.133131311],[42.483912739000004,37.13598666500002],[42.47249132600001,37.136700502999986],[42.46535294400002,37.135272826000005],[42.45179001600002,37.12813444300002],[42.446079310000016,37.125992929000006],[42.437513249999995,37.12527908999999],[42.43180254399999,37.12242373700002],[42.42537799899998,37.11885454600002],[42.41895345500001,37.11814070700001],[42.40610436600002,37.113143838999974],[42.40110749799999,37.110288486],[42.397538306,37.110288486],[42.389686084999994,37.11528535399998],[42.38254770200001,37.11814070700001],[42.376123157999984,37.11814070700001],[42.368984775,37.113143838999974],[42.36184639200002,37.10886081000001],[42.361132553000004,37.10100858800001],[42.362560229999985,37.09387020600002],[42.36398790700002,37.08958717600001],[42.371840127999974,37.08601798400002],[42.378978511000014,37.082448793000026],[42.38254770200001,37.07745192499999],[42.384689217000016,37.07031354200001],[42.38112002600002,37.06531667399997],[42.37683699600001,37.060319805999995],[42.36327406800001,37.049612232000015],[42.374695481,37.04176001000002],[42.384689217000016,37.034621628000025],[42.3918276,37.026055568000004],[42.398252144000026,37.015347994000024],[42.40396285100002,37.006781934],[42.41609810199998,36.98893597699998],[42.42894719100002,36.97394537299999],[42.44322395699999,36.968948505000014],[42.452503853999985,36.96038244599998],[42.478202033,36.94396416500001],[42.49105112199999,36.939681135],[42.49604799000002,36.94896103299999],[42.501758696000024,36.96537931400002],[42.50247253499998,36.979656078999994],[42.52174616799999,36.97894224100003],[42.52460152200001,36.97680072600002],[42.530312228000014,36.96252396],[42.531739904000005,36.95609941599997],[42.53388141900001,36.946819517999984],[42.536022934000016,36.93539810499999],[42.541019801999994,36.92754588399998],[42.548872023,36.911127604],[42.55458272999999,36.900420028999974],[42.551727375999974,36.87329417400002],[42.566004142,36.864014277000024],[42.584563937999974,36.85473437899998],[42.59955454200002,36.83974377499999],[42.605401382000025,36.833507145],[42.606713161000016,36.832107914000005],[42.610262116,36.828322361999994],[42.61882817600002,36.81832862599998],[42.62192714499997,36.817089038999995],[42.62239736700002,36.81690094999999],[42.623902078000015,36.817089038999995],[42.62810807300002,36.817614788000014],[42.632391102999975,36.819042464000006],[42.632391102999975,36.82403933299997],[42.63381878000001,36.834033068999986],[42.63596029500002,36.844026805],[42.65565810999999,36.84468339900002],[42.65737544299998,36.84474064300002],[42.657633042999976,36.84468339900002],[42.663799987999994,36.843312965999985],[42.66736917899999,36.84259912800002],[42.677362915,36.836888422000015],[42.68378746000002,36.834033068999986],[42.69520887200002,36.826894686],[42.713768668,36.81404559600003],[42.71979899399997,36.798634763999985],[42.720193213000016,36.79762731599999],[42.725190080999994,36.784778227000004],[42.726617756999985,36.78406438799999],[42.733756140000025,36.782636712],[42.73946684600003,36.77906752000001],[42.74589139099999,36.775498329000015],[42.74946058199998,36.771215299000005],[42.76016815700001,36.75479701900002],[42.76802037800002,36.749086311999974],[42.77801411399997,36.744089444],[42.792290879999996,36.74337560599997],[42.79426581299998,36.74337560599997],[42.79674049099998,36.74337560599997],[42.79871542400002,36.74337560599997],[42.80870915999998,36.741234091000024],[42.81068409300002,36.741234091000024],[42.816727963000005,36.741234091000024],[42.81870289599999,36.741234091000024],[42.82155825000001,36.73124035500001],[42.823699764000025,36.720532780999974],[42.83083814700001,36.71482207399998],[42.83940420699997,36.712680560000024],[42.873171592999995,36.71202488199998],[42.87518346799999,36.71198581599998],[42.91108029499998,36.711288791000015],[42.91292955,36.711252882999986],[42.91305522800002,36.711288791000015],[42.922923286000014,36.714108236000015],[42.95790136300002,36.73266803199999],[42.98288570300002,36.73480954600001],[42.98486063600001,36.73480954600001],[43.00375359499998,36.73480954600001],[43.00572852800002,36.73480954600001],[43.03952807600001,36.731992917000014],[43.03999276600001,36.73195419299998],[43.041503008999996,36.731992917000014],[43.06783245899999,36.73266803199999],[43.077112356999976,36.73338187000002],[43.13511023500001,36.753338128999985],[43.14349931800001,36.756224695000014],[43.145640832000026,36.763363078],[43.15706224500002,36.77335681400001],[43.15987139700002,36.777369889],[43.162059113,36.78049519699999],[43.17776355500001,36.78049519699999],[43.18847112999998,36.782636712],[43.19632335099999,36.790488933000006],[43.206317087,36.80048266900002],[43.21988001400001,36.81832862599998],[43.24771970799998,36.85116518699999],[43.25771344399999,36.864014277000024],[43.25771344399999,36.88257407200001],[43.26199647300001,36.88828477800001],[43.26770718,36.89470932299997],[43.28269778399999,36.89470932299997],[43.29197768199998,36.897564676],[43.29840222600001,36.90684457399999],[43.30910980099998,36.92469053100001],[43.312678991999974,36.92469053100001],[43.33694949400001,36.922549016000005],[43.35479545099997,36.92183517799998],[43.39548423299999,36.91683831],[43.399767263,36.911841442000025],[43.402622615999974,36.900420028999974],[43.40476413099998,36.88257407200001],[43.40333645499999,36.85901740899999],[43.40476413099998,36.85473437899998],[43.40619180800002,36.847595995999995],[43.40761948400001,36.84045761300001],[43.421896249999975,36.83902993700002],[43.43285039599999,36.839577643999974],[43.436173016,36.83974377499999],[43.457588165000004,36.84045761300001],[43.49899078499999,36.84474064300002],[43.520405933999996,36.84545448099999],[43.542534921000026,36.843312965999985],[43.54824562699997,36.843312965999985],[43.576085320000004,36.83831609800001],[43.604638851999994,36.83331922999997],[43.623912485999995,36.82903620100001],[43.651038341,36.82546700900002],[43.651332060000016,36.825453658000015],[43.66674278300002,36.824753171],[43.68601641700002,36.82546700900002],[43.702434697,36.82618084699999],[43.716711463000024,36.82760852400003],[43.72580479700002,36.82942719099998],[43.726972476000014,36.829660726999975],[43.727419037999994,36.829750038999975],[43.72384984600001,36.843312965999985],[43.722422170000016,36.861158923000005],[43.72191363500002,36.872855214000026],[43.721708331,36.87757720399998],[43.72384984600001,36.889712454999994],[43.72599136100001,36.90327538299999],[43.73098822899999,36.91683831],[43.73098822899999,36.92540436899998],[43.71885297799997,36.933256590999974],[43.700293182999985,36.940394974000014],[43.688157932000024,36.94610568000002],[43.681019548999984,36.94610568000002],[43.66817046,36.94753335600001],[43.661032077000016,36.94896103299999],[43.652466016999995,36.953957901000024],[43.648182987999974,36.958954769],[43.65032450199999,36.96752082799998],[43.655321370000024,36.970376181999995],[43.666028944999994,36.97394537299999],[43.68458873999998,36.983939109000005],[43.69172712300002,36.99321900699999],[43.696723991,37.00249890499998],[43.703148536000015,37.01891718500002],[43.71456994800002,37.023200214999974],[43.73027439100002,37.026055568000004],[43.740981965,37.02534172999998],[43.76096943700003,37.021058700000026],[43.78523993900001,37.015347994000024],[43.80308589600003,37.01177880199998],[43.821645692000004,37.006781934],[43.840919325000016,37.00535425800001],[43.86019295900002,37.006781934],[43.86304831199999,37.01320647900002],[43.87018669499997,37.01891718500002],[43.883035784000015,37.023200214999974],[43.89302952000003,37.02676940600003],[43.903737095,37.039618496],[43.915872346000015,37.05960596800003],[43.935145979000026,37.06674435100001],[43.974407084999996,37.082448793000026],[43.98297314500002,37.08601798400002],[43.99510839599998,37.098867074],[43.999391425,37.10029474999999],[44.02294808900001,37.11814070700001],[44.03508334000003,37.127420605],[44.043649399,37.13170363500001],[44.055070812,37.13455898799998],[44.076485961,37.143838886000026],[44.07862747500002,37.15668797500001],[44.07862747500002,37.168109388000005],[44.083624343,37.17810312400002],[44.08790737300001,37.18452766799999],[44.09790110900002,37.18738302100002],[44.10432565399998,37.18738302100002],[44.106467168999984,37.192379888999994],[44.105039492,37.213795038],[44.10361181600001,37.220219583000016],[44.10075646199999,37.228071804000024],[44.101470301000006,37.258053012000005],[44.099328786,37.28303735200001],[44.06934757800002,37.294458765],[44.06220919499998,37.29874179400002],[44.04721859099999,37.310163207000016],[44.03936636999998,37.31872926599999],[44.032227987,37.32515381100001],[44.02366192699998,37.32015694299997],[44.00867132299999,37.30231098600001],[43.99796374900001,37.29660027900002],[43.98225930699999,37.29374492599999],[43.97155173200002,37.286606543000005],[43.967982541000026,37.27804048399997],[43.96227183399998,37.26804674800002],[43.95156426,37.258053012000005],[43.95156426,37.243062408000014],[43.93942900899998,37.22735796500001],[43.922296889999984,37.219505744],[43.90516477099999,37.220933420999984],[43.883035784000015,37.22378877400001],[43.866617503999976,37.21807806800001],[43.85662376800002,37.205228979000026],[43.85376841499999,37.190952213],[43.845202355000026,37.195235242000024],[43.83592245699998,37.20023211099999],[43.819504177,37.222361096999975],[43.81307963199998,37.225216450999994],[43.805227410999976,37.228071804000024],[43.79095064500001,37.230927156999996],[43.76810782000001,37.233068672],[43.752403378,37.22878564199999],[43.74026812699998,37.233782510000026],[43.731702067000015,37.233782510000026],[43.71885297799997,37.22878564199999],[43.71100075700002,37.23449634799999],[43.70529005100002,37.23521018700001],[43.681019548999984,37.222361096999975],[43.666028944999994,37.22307493599999],[43.653893693999976,37.21807806800001],[43.64247228099998,37.220219583000016],[43.625340161999986,37.23021331899997],[43.606066528999975,37.23164099500002],[43.595358954000005,37.23806553999998],[43.584651380000025,37.25162846699999],[43.57894067400002,37.255911497],[43.56751926099997,37.255911497],[43.55866934900001,37.25296152599998],[43.54824562699997,37.249486951999984],[43.535396537999986,37.243062408000014],[43.52111977200002,37.244490084000006],[43.49827694700002,37.24877311400002],[43.48542785799998,37.25876684999997],[43.474006444999986,37.27018826300002],[43.453305134999994,37.275185131],[43.43188998599999,37.28303735200001],[43.40476413099998,37.29660027900002],[43.386918174000016,37.31730159],[43.371927570000025,37.32800916399998],[43.358364642000026,37.32943684100002],[43.33837717,37.32229845799998],[43.331952625999975,37.315160074999994],[43.329097273,37.305880177000006],[43.32481424299999,37.303024823999976],[43.31125131499999,37.311590884],[43.299116063999975,37.315160074999994],[43.286980814,37.31872926599999],[43.28055626899999,37.32729532600001],[43.271276371,37.33086451700001],[43.261282634999986,37.33514754700002],[43.25271657600001,37.343713605999994],[43.23629829499998,37.343713605999994],[43.22773223600001,37.345141282999975],[43.21488314599998,37.353707342999996],[43.20488941000002,37.35727653399999],[43.19061264499999,37.356562696000026],[43.181332747,37.35799037200002],[43.17633587900002,37.36227340200003],[43.167769819,37.37298097600001],[43.16277295100002,37.37298097600001],[43.14921002400001,37.372267137999984],[43.13636093500003,37.370839461],[43.127794875000006,37.370839461],[43.11851497800001,37.36941178500001],[43.107093565000014,37.365842593000025],[43.090675283999985,37.36370107900001],[43.07354316499999,37.359418049],[43.06140791399997,37.35727653399999],[43.04070660399998,37.35513501899999],[43.03499589799998,37.353707342999996],[43.02999903,37.345141282999975],[43.02428832300001,37.336575224],[43.01929145499997,37.333006032000014],[43.007156205,37.32943684100002],[42.996448629999975,37.325867648999974],[42.98912714699998,37.32429875999998],[42.98645489400002,37.323726134000026],[42.976461158000006,37.318015428000024],[42.96361206900002,37.316587751999975],[42.95361833300001,37.32015694299997],[42.925778639999976,37.330150678999985],[42.91792641799998,37.33086451700001],[42.903649653,37.33371986999998],[42.89365591699999,37.336575224],[42.88865904900001,37.336575224],[42.88366218099998,37.33800289999999],[42.87009925299998,37.34656896000001],[42.864388546999976,37.34656896000001],[42.85153945799999,37.34656896000001]]]}},{"type":"Feature","properties":{"id":"gov-erbil","level":"governorate","name_ku":"هەولێر","name_ar":"اربيل","name_en":"Erbil Governorate","source":"Iraq COD-AB operational intersection","data_release":"2026-07-22-nav-kurd-systematic-dedupe-2027","aliases_ku":[],"aliases_ar":[],"aliases_en":[],"name_display":"هەولێر","name":"هەولێر","language_policy":"verified-kurdish-or-source-original","last_reviewed":"2026-08-27","search_key_ku":"هەولێر | شوێن","search_key_ar":"اربيل | مكان","search_key_en":"Erbil Governorate | Place","search_key":"هەولێر | شوێن | اربيل | مكان | Erbil Governorate | Place"},"geometry":{"type":"Polygon","coordinates":[[[44.097153186000014,37.311758355999984],[44.07716571399999,37.31461371],[44.06074743300002,37.320324416000005],[44.05146753600002,37.320324416000005],[44.03936636999998,37.31872926599999],[44.04721859099999,37.310163207000016],[44.06220919499998,37.29874179400002],[44.06934757800002,37.294458765],[44.099328786,37.28303735200001],[44.101470301000006,37.258053012000005],[44.10075646199999,37.228071804000024],[44.10361181600001,37.220219583000016],[44.105039492,37.213795038],[44.106467168999984,37.192379888999994],[44.10432565399998,37.18738302100002],[44.09790110900002,37.18738302100002],[44.08790737300001,37.18452766799999],[44.083624343,37.17810312400002],[44.07862747500002,37.168109388000005],[44.07862747500002,37.15668797500001],[44.076485961,37.143838886000026],[44.055070812,37.13455898799998],[44.043649399,37.13170363500001],[44.03508334000003,37.127420605],[44.02294808900001,37.11814070700001],[43.999391425,37.10029474999999],[43.99510839599998,37.098867074],[43.98297314500002,37.08601798400002],[43.974407084999996,37.082448793000026],[43.935145979000026,37.06674435100001],[43.915872346000015,37.05960596800003],[43.903737095,37.039618496],[43.89302952000003,37.02676940600003],[43.883035784000015,37.023200214999974],[43.87018669499997,37.01891718500002],[43.86304831199999,37.01320647900002],[43.86019295900002,37.006781934],[43.859241225000005,37.00226099600002],[43.86495193100001,36.995836451],[43.86780728399998,36.99298109799997],[43.874231828999996,36.987984229999995],[43.88279788800003,36.98441503800001],[43.88993627100001,36.98155968499998],[43.897074653999994,36.97584897899998],[43.90207152200003,36.972993626000004],[43.905640713000025,36.970138272999975],[43.924914347000026,36.96799675800003],[43.93704959799999,36.96585524300002],[43.940618789999974,36.96157221300001],[43.946329495999976,36.956575344999976],[43.95204020199998,36.951578477],[43.96203393799999,36.94658160900002],[43.98773211700001,36.93373251999998],[44.009147265000024,36.92159726900002],[44.02342403099999,36.915172724],[44.027707061,36.90803434100002],[44.03270392899998,36.902323635000016],[44.036273119999976,36.893757575999985],[44.040556149999986,36.88804686899999],[44.04483918,36.886619193],[44.05197756299998,36.884477677999996],[44.05768826899998,36.883050001000015],[44.066254328000014,36.880194647999986],[44.06482665200002,36.85306879299998],[44.069109680999986,36.84878576400001],[44.07410654900002,36.848071925],[44.099090890000014,36.84307505700002],[44.109798463999994,36.842361219],[44.11907836199998,36.84021970399999],[44.12693058299999,36.839505866000025],[44.15048724600001,36.825942938000026],[44.161908659000005,36.82380142300002],[44.17047471799998,36.821659909000005],[44.20473895600003,36.81166617299999],[44.23614784099999,36.80167243599999],[44.24542773899998,36.79881708300002],[44.25256612200002,36.794534053999996],[44.26184601900002,36.78739567100001],[44.26827056399998,36.780971126],[44.284688845000005,36.763839007],[44.291827227,36.74956224099998],[44.293968742000004,36.742423858999985],[44.29611025700001,36.738140828999974],[44.32038075899999,36.72814709300002],[44.32109459700001,36.70601810599999],[44.30967318500001,36.70459042900001],[44.30753167,36.70173507599998],[44.30324863999999,36.696738208],[44.29325490399998,36.68174760400001],[44.284688845000005,36.66532932299998],[44.279934524,36.663600479000024],[44.27683662300001,36.66247397000001],[44.26755672600001,36.660332455],[44.26517694299997,36.659737509000024],[44.25899066599999,36.65819094],[44.25113844499998,36.65176639600003],[44.241144709000025,36.64391417500002],[44.23329248800002,36.634634276999975],[44.227581782000016,36.628209732000016],[44.220443398999976,36.62535437899999],[44.20473895600003,36.61892983500002],[44.196172897,36.615360642999974],[44.191889866999986,36.613219128000026],[44.191889866999986,36.60964993699997],[44.18046845399999,36.60179771600002],[44.17475774799999,36.595373171000006],[44.17047471799998,36.59180398000001],[44.16262249699997,36.58395175800001],[44.15548411399999,36.577527213999986],[44.146918055000015,36.570388831],[44.130499773999986,36.584665597000026],[44.11622300900001,36.586807111999974],[44.10837078700001,36.586807111999974],[44.098377051,36.580382567000015],[44.07696190299998,36.56325044800002],[44.070537358000024,36.573958022],[44.063398974999984,36.58609327300002],[44.048408370999994,36.586807111999974],[44.03984231200002,36.58537943499999],[44.028420899000025,36.57966872899999],[44.014144133,36.570388831],[44.013196669000024,36.56896763399999],[44.012847152000006,36.568443358000025],[44.01271645700001,36.568247316],[44.01229170200003,36.56788790799999],[44.012132872999985,36.56775351499999],[43.99415666099998,36.55254287399998],[43.97380101700003,36.53499490500002],[43.973455350999984,36.53469691700002],[43.97324556699999,36.53443945499998],[43.95820709200001,36.51598314500001],[43.95775090799998,36.51542328300002],[43.95765164199997,36.51542769500003],[43.926040194999985,36.516832647],[43.925628184999994,36.51685095900001],[43.925484745000006,36.51627719700002],[43.919203641000024,36.49115278099998],[43.915819598999974,36.483707890000005],[43.91563444899998,36.483300559999975],[43.915264148999995,36.483152440000026],[43.912065257999984,36.481872882999994],[43.877087182000025,36.48686975099997],[43.873774604000005,36.48626746399998],[43.86923496100002,36.48544207499998],[43.87565950499999,36.46545460300001],[43.87565950499999,36.45117783699999],[43.86709344600001,36.44546713099999],[43.856385871999976,36.43690107100002],[43.84210910600001,36.43404571799999],[43.820693957,36.42762117299998],[43.82283547200001,36.42119662900001],[43.82711850200002,36.406919862999985],[43.827832339999986,36.400495318000026],[43.827832339999986,36.39264309700002],[43.824976987000014,36.382649361000006],[43.811414059000015,36.369086433999996],[43.802134162000016,36.35837885900003],[43.789285071999984,36.34767128499999],[43.775722144999975,36.339105226000015],[43.76715608500001,36.33125300400002],[43.765014570999995,36.32482845999999],[43.757162349,36.313407047],[43.75410566300002,36.31035036100002],[43.747168612999985,36.303413310999986],[43.737888715999986,36.292705737000006],[43.72646730299999,36.28913654500002],[43.71290437599998,36.28199816199998],[43.69363074199998,36.273432103000005],[43.680781653,36.262724529000025],[43.66507720999999,36.25273079300001],[43.66079417999998,36.24773392499998],[43.64937276799998,36.229887967000025],[43.640806708000014,36.21418352500001],[43.612253177000014,36.201334436000025],[43.610825499999976,36.197051406000014],[43.609857233000014,36.194561577],[43.60194257799998,36.18427252599997],[43.577061706999984,36.15836482499998],[43.564028870000016,36.14849146300003],[43.554945377000024,36.13703836399998],[43.548231491000024,36.12400552700001],[43.543097343,36.11097268999998],[43.536383457,36.10149426200002],[43.52887970299997,36.092805704],[43.52019114400002,36.08530194999997],[43.50952791399999,36.07740325999998],[43.496890011000005,36.06831976799998],[43.488991322000004,36.05726160299997],[43.488991322000004,36.04857304500001],[43.48741158399997,36.03909461699999],[43.48188250200002,36.028826321],[43.46988919299997,36.01112191300001],[43.45735026800003,36.00431506799998],[43.43950431100001,35.99574900900001],[43.42451370700002,35.99217981700002],[43.38453876300002,35.98289992000002],[43.37168967399998,35.980044566000004],[43.38096957099998,35.95363255000001],[43.38453876300002,35.95006335800002],[43.39096330699999,35.94792184400001],[43.403812397000024,35.94149729899999],[43.410236940999994,35.93864194600002],[43.44949804700002,35.93864194600002],[43.449636578000025,35.93268509699999],[43.45021188499999,35.907946899000024],[43.44949804700002,35.887245588999974],[43.44378734100002,35.87511033800001],[43.438076634000026,35.86226124900003],[43.42879673700003,35.85298135099998],[43.420230677000006,35.84655680700001],[43.410236940999994,35.843701452999994],[43.392390983999974,35.836563071],[43.38453876300002,35.82728317300001],[43.38025573300001,35.81586176000002],[43.37525886499998,35.798015803],[43.370261997,35.775886816000025],[43.36883432100001,35.768748432999985],[43.366692806,35.755185505999975],[43.36636610400001,35.75061168899998],[43.36597896699999,35.74519177000002],[43.368120481999995,35.740194901999985],[43.373831188999986,35.71806591500001],[43.372403512000005,35.707358339999985],[43.36740664400003,35.698078442999986],[43.36312361400002,35.69094006],[43.358840584000006,35.68237399999998],[43.363505884999995,35.669662603999996],[43.37064426799998,35.668770306],[43.378674949000015,35.66609341200001],[43.384921034,35.658955029000026],[43.39652090599998,35.645570561],[43.401874693000025,35.63753988100001],[43.40544388400002,35.62237081699999],[43.40544388400002,35.61434013600001],[43.40544388400002,35.602740263999976],[43.40544388400002,35.597386476999986],[43.40276699100002,35.586678903000006],[43.40098239500003,35.57775592399997],[43.39919779899998,35.574186732999976],[43.40812077800001,35.57240213699998],[43.414366863,35.57061754099999],[43.41615145899999,35.57061754099999],[43.42685903300003,35.57061754099999],[43.43667431,35.57150983899999],[43.44292039499999,35.56258686000001],[43.44738188399998,35.55366388200002],[43.44827418199998,35.54652549899998],[43.44559728799999,35.530464137000024],[43.44470498999999,35.52421805199998],[43.44292039499999,35.514402776],[43.43756660700001,35.501910606000024],[43.435782012000004,35.49387992499999],[43.433105118000014,35.484064649000004],[43.43488971400001,35.47692626600002],[43.43488971400001,35.471572478999974],[43.435782012000004,35.4626495],[43.446489585999984,35.458188011000004],[43.45095107499998,35.45729571300001],[43.45719716000002,35.45729571300001],[43.47415081999998,35.458188011000004],[43.48575069200001,35.45997260600001],[43.50270435099998,35.45461881900002],[43.516981117,35.44926503200003],[43.53304247900002,35.44480354299998],[43.551780733999976,35.436772862],[43.56338060600001,35.432311373000005],[43.574980477999986,35.432311373000005],[43.582118861000026,35.440342053999984],[43.58836494600001,35.45104962800002],[43.593718733,35.46532639399999],[43.592826435000006,35.484956947],[43.68473311499997,35.476033968000024],[43.688302306000026,35.51975656299999],[43.70257907199999,35.520648860999984],[43.72131732700001,35.52154115899998],[43.742732476000015,35.52154115899998],[43.753440049999995,35.52511034999998],[43.75446564600003,35.525815447000014],[43.76771681600002,35.53492562700001],[43.773962901000004,35.54474090299999],[43.776639794000005,35.565263754],[43.775747497,35.581325116000016],[43.771286007000015,35.592032689999996],[43.77307060300001,35.60095566799998],[43.774855199,35.60630945600002],[43.79627034700002,35.61880162599999],[43.83196226199999,35.641109072000006],[43.82214698500002,35.66341651900001],[43.81411630500003,35.67680098699998],[43.800731837,35.68840085900001],[43.784670474999984,35.70446221999998],[43.794485752000014,35.71516979500001],[43.801624135,35.718738986000005],[43.810547112999984,35.720523582],[43.82125468700002,35.724092772999995],[43.83463915499999,35.72498507099999],[43.841777537999974,35.72766196499998],[43.84713132500002,35.73480034800002],[43.85070051700001,35.739261837000015],[43.852485113,35.744615624000005],[43.85337741000001,35.749077113],[43.856946601999994,35.755323197999985],[43.87122336800002,35.767815368000015],[43.885500132999994,35.778522942999984],[43.90066919700001,35.78744592100003],[43.910484473999986,35.791015113000014],[43.91226906899999,35.798153496],[43.91405366499998,35.80618417599999],[43.91405366499998,35.81778404900001],[43.939038004999986,35.832953111999984],[43.95331477100001,35.84098379300002],[43.96669923899998,35.83652230400003],[43.98186830200001,35.824030134],[43.99257587699998,35.81778404900001],[44.00506804700001,35.809753367999974],[44.016667918999985,35.80261498499999],[44.029160089000015,35.796368900000004],[44.04343685499998,35.78923051700002],[44.05682132300001,35.783876729999974],[44.068421194999985,35.78030753799999],[44.08002106700002,35.774953751],[44.086267152000005,35.772276858],[44.091620938999995,35.772276858],[44.099651619999975,35.77138456],[44.10768230100001,35.773169155999994],[44.114820683999994,35.775846048999995],[44.13623583200001,35.78030753799999],[44.146051108999984,35.773169155999994],[44.148728001999984,35.77673834699999],[44.155866385000024,35.78476902800003],[44.155866385000024,35.79279970800002],[44.153189492000024,35.799938091],[44.153189492000024,35.80618417599999],[44.153189492000024,35.81778404900001],[44.15497408700003,35.832953111999984],[44.161220172000014,35.835630005999974],[44.17549693799998,35.83741460099998],[44.189773704000004,35.83652230400003],[44.20315817199997,35.83206081399999],[44.219219533,35.824922431000005],[44.231711702999974,35.816891751000014],[44.245988469,35.81867634600002],[44.26026523500002,35.816891751000014],[44.281680384000026,35.81064566600003],[44.284615282000004,35.81018226100002],[44.28477917999999,35.810156382],[44.29863404299999,35.80796877199998],[44.31737229800001,35.804399580999984],[44.35663340399998,35.819568644000015],[44.39410991400001,35.812430260999975],[44.406602083999985,35.819568644000015],[44.413740467000025,35.824030134],[44.421771148000005,35.83206081399999],[44.429801827999995,35.838306898999974],[44.43604791299998,35.84098379300002],[44.45389387099999,35.84455298400002],[44.468170636000025,35.845445282000014],[44.477093615,35.849906772],[44.48512429599998,35.85436826099999],[44.50118565700001,35.849014474],[44.51367782699998,35.84633758000001],[44.53955446499998,35.84098379300002],[44.54936974200001,35.84098379300002],[44.55650812499999,35.84187609100002],[44.56543110299998,35.845445282000014],[44.57346178400002,35.853475962999994],[44.57881557100001,35.85972204799998],[44.58238476299999,35.86329123899998],[44.59487693300002,35.865968133000024],[44.610045996,35.86775272900002],[44.61629208099998,35.87221421800001],[44.62075357100002,35.879352600999994],[44.62878425100001,35.88202949499998],[44.635922633999996,35.878460303],[44.641276420999986,35.87578340900001],[44.648414804000026,35.87310651600001],[44.66269156999999,35.868645027000014],[44.669829952999976,35.868645027000014],[44.67518374000002,35.87042962200002],[44.682322123000006,35.87042962200002],[44.686783612,35.86953732400002],[44.700168080000026,35.861506643999974],[44.708198761000006,35.86061434599998],[44.71712173899999,35.861506643999974],[44.736752292000006,35.86239894200003],[44.751921356000025,35.85436826099999],[44.77422880300003,35.85972204799998],[44.79207475999999,35.850799069000004],[44.806351526000014,35.84455298400002],[44.811705313000004,35.852583665],[44.816166802,35.85793745199999],[44.82598207799998,35.861506643999974],[44.829551270000024,35.85793745199999],[44.83579735500001,35.850799069000004],[44.841151142,35.84098379300002],[44.88041224800003,35.851691367],[44.88041224800003,35.87310651600001],[44.900042800999984,35.878460303],[44.923242544999994,35.865968133000024],[44.93662701300002,35.861506643999974],[44.95001148099999,35.86329123899998],[44.95714986399997,35.86775272900002],[44.96071905500003,35.87221421800001],[44.95714986399997,35.88024489899999],[44.95090377899999,35.89095247300003],[44.93127322599997,35.903444643],[44.900042800999984,35.92396749400001],[44.87505846099998,35.94092115299998],[44.85007412099998,35.96590549299998],[44.811705313000004,36.010520385999996],[44.803674632000025,36.018551066999976],[44.79463044900001,36.023895357000015],[44.78404407900001,36.03015093900001],[44.780474888000015,36.031935535],[44.74835216499997,36.046212301000025],[44.724260121999976,36.058704471],[44.709091059,36.070304342999975],[44.69124510199998,36.084581109],[44.67072225099997,36.09975017199997],[44.66536846399998,36.103319364000015],[44.658230081,36.10421166200001],[44.645737911000026,36.10688855500001],[44.638599527999986,36.122057618999975],[44.653768591000016,36.135442087],[44.656445485000006,36.157749533000015],[44.658230081,36.171134000999984],[44.66804535699998,36.18005698000002],[44.67607603800002,36.18451846900001],[44.68240419900002,36.183252837],[44.711767952,36.17738008600003],[44.71444484599999,36.188979958999994],[44.71444484599999,36.204149022000024],[44.708198761000006,36.215748894],[44.69213739899999,36.23359485200001],[44.67786063400001,36.24519472399999],[44.66804535699998,36.24608702199998],[44.656445485000006,36.24965621299998],[44.64216871899998,36.255902298000024],[44.62967654900001,36.25501000000003],[44.62967654900001,36.25233310700003],[44.61896897499997,36.24430242599999],[44.60023072000001,36.24430242599999],[44.59576922999997,36.25322540500002],[44.59130774099998,36.25857919200001],[44.58773854999998,36.266609872000004],[44.58327706,36.28624042500002],[44.57881557100001,36.30140948899998],[44.57613867800001,36.30854787200002],[44.56543110299998,36.32193233999999],[44.55650812499999,36.32639382899998],[44.555615827,36.330855317999976],[44.555615827,36.33710140300002],[44.555615827,36.345132084],[44.557400422,36.348701275999986],[44.569892591999974,36.363870339000016],[44.57792327300001,36.368331829],[44.59309233699997,36.37547021099999],[44.61718437899998,36.389746977000016],[44.62343046400002,36.395993062],[44.635030336,36.40937752999997],[44.64216871899998,36.415623615000015],[44.64462795999998,36.42078802100002],[44.64480708999997,36.42116419299998],[44.651091698000016,36.434361869999975],[44.671614549000026,36.441500253000015],[44.687675909999996,36.434361869999975],[44.69630864099997,36.43189537500001],[44.70641416500001,36.429008082999985],[44.72069093099998,36.42811578499999],[44.738536888,36.43257727399998],[44.75549054700002,36.43703876400002],[44.76887501499999,36.43793106200002],[44.79564395099999,36.436146466000025],[44.806035356999985,36.436888709000016],[44.82062829099999,36.43793106200002],[44.827766673999975,36.438823359000025],[44.842935737999994,36.448638636],[44.85988939700002,36.46291540200002],[44.870596971,36.47183838000001],[44.876846648000026,36.469407950000004],[44.886658333000014,36.46559229500002],[44.90182739699998,36.45934620999998],[44.91610416200001,36.45310012499999],[44.92681173699998,36.452207826999995],[44.945549992,36.449530933999995],[44.98124190599998,36.446854040000005],[44.995518672,36.452207826999995],[44.999980160999996,36.467376891000015],[45.00444165099998,36.480761358999985],[45.00711854399998,36.490576635000025],[45.00711854399998,36.50753029499998],[45.008010841999976,36.52002246500001],[45.012472331000026,36.52002246500001],[45.020503012000006,36.52359165600001],[45.01693382100001,36.53073003899999],[45.01604152300001,36.53608382599998],[45.015149225000016,36.542329911000024],[45.01871841600001,36.54589910300001],[45.02764139499999,36.552145188],[45.03656437400002,36.55749897499999],[45.049948841,36.56463735800003],[45.054410330999985,36.57445263400001],[45.047271948,36.58248331499999],[45.041025863000016,36.58962169799997],[45.041025863000016,36.59497548500002],[45.04118516199998,36.595533031],[45.04281045900001,36.60122157000001],[45.049948841,36.60925225099999],[45.05619492599999,36.61371373999998],[45.061548714000025,36.61639063400003],[45.061548714000025,36.618175228999974],[45.06868709700001,36.62263671900001],[45.074040884,36.62709820800001],[45.075825479,36.63691348499998],[45.077610074999996,36.66011322899999],[45.07850237299999,36.67171310100002],[45.07047169200001,36.69312824999997],[45.05797952199998,36.71097420699999],[45.046379650000006,36.727927866000016],[45.033887479999976,36.73774314299999],[45.022287608,36.74309692999998],[44.999087863,36.746666120999976],[44.99016488500001,36.748450717000026],[44.976780416999986,36.760942887],[44.966072843000006,36.76897356799998],[44.95179607699998,36.774327355000025],[44.93751931100002,36.77521965300002],[44.92056565199999,36.77521965300002],[44.902719693999984,36.77343505699997],[44.893655825999986,36.77343505699997],[44.88576603500002,36.77343505699997],[44.870596971,36.777004249000015],[44.86167399300001,36.78146573800001],[44.85453561000003,36.793065609999985],[44.850966418999974,36.802880887000015],[44.85185871599998,36.811803865],[44.855427908000024,36.828757525000015],[44.86970467399999,36.850172672999975],[44.892012120000004,36.865341736999994],[44.90807348200002,36.873372417999974],[44.91075037500002,36.88229539600002],[44.92145794999999,36.90014135299998],[44.92413484299999,36.91352582100001],[44.917888758000004,36.92869488500003],[44.90182739699998,36.94654084199999],[44.894689013999994,36.958140714000024],[44.89825820499999,36.97330977799999],[44.902719693999984,36.988478842000006],[44.907181184000024,36.99740181999999],[44.915211865,37.004540202999976],[44.919673354,37.01346318200001],[44.919673354,37.018816969],[44.91610416200001,37.025063053999986],[44.91164267300002,37.02863224499998],[44.897365906999994,37.030416840999976],[44.883981439000024,37.03577062800002],[44.87380924399997,37.044782837000014],[44.86595702300002,37.04692435099997],[44.855249447999995,37.044782837000014],[44.84525571199998,37.041927482999995],[44.83668965300001,37.03907213000002],[44.82384056400002,37.044782837000014],[44.815274504,37.05406273400001],[44.80599460600001,37.066197984999974],[44.798142385000006,37.07262252999999],[44.795287031999976,37.07690556],[44.79171784099998,37.089754648999985],[44.78600713399999,37.099034546999974],[44.77672723699999,37.10974212100001],[44.77458572199998,37.11331131200001],[44.77744107500001,37.121163533000015],[44.78529329600002,37.13258494600001],[44.793859354999995,37.13972332899999],[44.80313925299998,37.14900322699998],[44.79885622299997,37.151144741999985],[44.78600713399999,37.15828312399998],[44.77173036900001,37.166849184],[44.76173663200001,37.166849184],[44.754598250000015,37.16256615399999],[44.744604514,37.166135345999976],[44.723189364999996,37.17255989],[44.71105411399998,37.17398756699998],[44.70106037800002,37.173273729000016],[44.67750371400001,37.17398756699998],[44.672506845999976,37.17612908199999],[44.65894391900002,37.18112595000002],[44.64609482999998,37.186836656000025],[44.638956447,37.186836656000025],[44.628962710999986,37.182553626000015],[44.61754129799999,37.175415242999975],[44.60611988599999,37.166849184],[44.60112301800001,37.164707668999995],[44.59755382600002,37.163279992000014],[44.58684625199999,37.15971080100002],[44.579707869,37.15471393299998],[44.56828645600001,37.14329251999999],[44.55972039699998,37.131871107999984],[44.552582013999995,37.122591209999996],[44.541874440000015,37.12044969499999],[44.531880704,37.11759434200002],[44.52331464399998,37.11259747399998],[44.52045929100001,37.105459091],[44.51760393799998,37.099034546999974],[44.51260707,37.09403767800001],[44.506182524999986,37.09046848700001],[44.496902627,37.086185457],[44.480484347000015,37.080474751],[44.470490611,37.074764044999995],[44.454786168,37.069053338],[44.444792431999986,37.06762566200001],[44.426232637,37.063342632],[44.414811224000005,37.05905960199999],[44.40196213500002,37.05477657300003],[44.38483001600002,37.055490410999994],[44.37055325,37.055490410999994],[44.35699032299999,37.05192121900001],[44.34985194000001,37.04835202800001],[44.34985194000001,37.044068998],[44.35127961699999,37.040499807],[44.35699032299999,37.03621677699999],[44.361987191000026,37.032647585999996],[44.364128705999974,37.02979223300002],[44.364128705999974,37.02550920300001],[44.361273353,37.01979849600002],[44.35627648500002,37.015515467],[44.341285880999976,37.00552173099999],[44.328436791,36.98838961199999],[44.323439923000024,36.981965066999976],[44.31987073200003,36.97268516899999],[44.318253915000014,36.96837365800002],[44.31772921700002,36.966974462999985],[44.30630780400003,36.97268516899999],[44.30200760700001,36.973401868999986],[44.297741744999996,36.974112846000025],[44.28489265600001,36.97482668399999],[44.272043567000026,36.979109714],[44.26419134499997,36.99195880299999],[44.259194476999994,37.002666378000015],[44.252056095,37.01123243699999],[44.24777306499999,37.019084658],[44.24349003499998,37.02479536499999],[44.24277619700001,37.032647585999996],[44.24491771200002,37.03978596899998],[44.24705922700002,37.044068998],[44.24705922700002,37.04906586599998],[44.24277619700001,37.05406273400001],[44.22921326900001,37.061201116999996],[44.221361048000006,37.06548414700001],[44.21208115000002,37.07547788300002],[44.203515090999986,37.08904080999997],[44.20137357599998,37.1018899],[44.20494276800002,37.10831444399997],[44.20851195900002,37.11473898899999],[44.215650342,37.12330504800002],[44.22421640099998,37.13258494600001],[44.234923976000005,37.14115100599997],[44.241348519999974,37.15614161000002],[44.248486903000014,37.15471393299998],[44.255625286,37.15471393299998],[44.26633285999998,37.15471393299998],[44.27561275800002,37.15685544799999],[44.280609626,37.16185231600002],[44.28988952399999,37.173273729000016],[44.28988952399999,37.18326746499997],[44.28203730299998,37.194688876999976],[44.27918195000001,37.20111342199999],[44.280609626,37.211107158000004],[44.28203730299998,37.22110089400002],[44.27918195000001,37.23252230600002],[44.27489892,37.24037452800002],[44.25990831600001,37.256792808],[44.24063468200001,37.27535260399998],[44.234923976000005,37.278207957000006],[44.21636418000003,37.283204824999984],[44.194235193,37.290343208000024],[44.179958426999974,37.298909267],[44.171392368,37.29962310600001],[44.162826309000025,37.301050782000004],[44.151404895999974,37.30676148800001],[44.14141116000002,37.31389987099999],[44.131417424000006,37.31389987099999],[44.11428530500001,37.311758355999984],[44.097153186000014,37.311758355999984]]]}},{"type":"Feature","properties":{"id":"gov-kirkuk","level":"governorate","name_ku":"کەرکووک","name_ar":"كركوك","name_en":"Kirkuk Governorate","source":"Iraq COD-AB operational intersection","data_release":"2026-07-22-nav-kurd-systematic-dedupe-2027","aliases_ku":[],"aliases_ar":[],"aliases_en":[],"name_ku_status":"verified-reviewed","name_ku_source":"kirkuk-verified-name-corrections","name_ku_match":"exact","name_display":"کەرکووک","name":"کەرکووک","language_policy":"verified-kurdish-or-source-original","last_reviewed":"2026-08-27","search_key_ku":"کەرکووک | شوێن","search_key_ar":"كركوك | مكان","search_key_en":"Kirkuk Governorate | Place","search_key":"کەرکووک | شوێن | كركوك | مكان | Kirkuk Governorate | Place"},"geometry":{"type":"Polygon","coordinates":[[[44.644809786999986,35.83528185099999],[44.64227169499998,35.847972309],[44.639733604000014,35.85558658399998],[44.635926466,35.861931814],[44.62878425100001,35.88202949499998],[44.62075357100002,35.879352600999994],[44.61629208099998,35.87221421800001],[44.610045996,35.86775272900002],[44.59487693300002,35.865968133000024],[44.58238476299999,35.86329123899998],[44.57881557100001,35.85972204799998],[44.57346178400002,35.853475962999994],[44.56543110299998,35.845445282000014],[44.55650812499999,35.84187609100002],[44.54936974200001,35.84098379300002],[44.53955446499998,35.84098379300002],[44.51367782699998,35.84633758000001],[44.50118565700001,35.849014474],[44.48512429599998,35.85436826099999],[44.477093615,35.849906772],[44.468170636000025,35.845445282000014],[44.45389387099999,35.84455298400002],[44.43604791299998,35.84098379300002],[44.429801827999995,35.838306898999974],[44.421771148000005,35.83206081399999],[44.413740467000025,35.824030134],[44.406602083999985,35.819568644000015],[44.39410991400001,35.812430260999975],[44.35663340399998,35.819568644000015],[44.31737229800001,35.804399580999984],[44.29863404299999,35.80796877199998],[44.28477917999999,35.810156382],[44.284615282000004,35.81018226100002],[44.281680384000026,35.81064566600003],[44.26026523500002,35.816891751000014],[44.245988469,35.81867634600002],[44.231711702999974,35.816891751000014],[44.219219533,35.824922431000005],[44.20315817199997,35.83206081399999],[44.189773704000004,35.83652230400003],[44.17549693799998,35.83741460099998],[44.161220172000014,35.835630005999974],[44.15497408700003,35.832953111999984],[44.153189492000024,35.81778404900001],[44.153189492000024,35.80618417599999],[44.153189492000024,35.799938091],[44.155866385000024,35.79279970800002],[44.155866385000024,35.78476902800003],[44.148728001999984,35.77673834699999],[44.146051108999984,35.773169155999994],[44.13623583200001,35.78030753799999],[44.114820683999994,35.775846048999995],[44.10768230100001,35.773169155999994],[44.099651619999975,35.77138456],[44.091620938999995,35.772276858],[44.086267152000005,35.772276858],[44.08002106700002,35.774953751],[44.068421194999985,35.78030753799999],[44.05682132300001,35.783876729999974],[44.04343685499998,35.78923051700002],[44.029160089000015,35.796368900000004],[44.016667918999985,35.80261498499999],[44.00506804700001,35.809753367999974],[43.99257587699998,35.81778404900001],[43.98186830200001,35.824030134],[43.96669923899998,35.83652230400003],[43.95331477100001,35.84098379300002],[43.939038004999986,35.832953111999984],[43.91405366499998,35.81778404900001],[43.91405366499998,35.80618417599999],[43.91226906899999,35.798153496],[43.910484473999986,35.791015113000014],[43.90066919700001,35.78744592100003],[43.885500132999994,35.778522942999984],[43.87122336800002,35.767815368000015],[43.856946601999994,35.755323197999985],[43.85337741000001,35.749077113],[43.852485113,35.744615624000005],[43.85070051700001,35.739261837000015],[43.84713132500002,35.73480034800002],[43.841777537999974,35.72766196499998],[43.83463915499999,35.72498507099999],[43.82125468700002,35.724092772999995],[43.810547112999984,35.720523582],[43.801624135,35.718738986000005],[43.794485752000014,35.71516979500001],[43.784670474999984,35.70446221999998],[43.800731837,35.68840085900001],[43.81411630500003,35.67680098699998],[43.82214698500002,35.66341651900001],[43.83196226199999,35.641109072000006],[43.79627034700002,35.61880162599999],[43.774855199,35.60630945600002],[43.77307060300001,35.60095566799998],[43.771286007000015,35.592032689999996],[43.775747497,35.581325116000016],[43.776639794000005,35.565263754],[43.773962901000004,35.54474090299999],[43.76771681600002,35.53492562700001],[43.75446564600003,35.525815447000014],[43.753440049999995,35.52511034999998],[43.742732476000015,35.52154115899998],[43.72131732700001,35.52154115899998],[43.70257907199999,35.520648860999984],[43.688302306000026,35.51975656299999],[43.68473311499997,35.476033968000024],[43.592826435000006,35.484956947],[43.593718733,35.46532639399999],[43.58836494600001,35.45104962800002],[43.582118861000026,35.440342053999984],[43.574980477999986,35.432311373000005],[43.56338060600001,35.432311373000005],[43.551780733999976,35.436772862],[43.53304247900002,35.44480354299998],[43.516981117,35.44926503200003],[43.50270435099998,35.45461881900002],[43.48575069200001,35.45997260600001],[43.47415081999998,35.458188011000004],[43.45719716000002,35.45729571300001],[43.45095107499998,35.45729571300001],[43.446489585999984,35.458188011000004],[43.435782012000004,35.4626495],[43.424463575000004,35.456273377],[43.41161448600002,35.452704186000005],[43.39662388199997,35.44770731800003],[43.383774792999986,35.44342428800002],[43.37520873300002,35.44056893499999],[43.36235964399998,35.44056893499999],[43.345227524999984,35.441996612000025],[43.33666146600001,35.43914125800001],[43.32595389099998,35.43842741999998],[43.31881550899999,35.434858228999985],[43.311677126000006,35.42629216900002],[43.30668025799997,35.419867624999995],[43.303111065999985,35.406304696999996],[43.312390963999974,35.395597123000016],[43.33666146600001,35.37275429800002],[43.35022439300002,35.35990520799999],[43.36378732100002,35.35562217900002],[43.371639542000025,35.354194501999984],[43.379901339000014,35.348362646],[43.383774792999986,35.34562844300001],[43.38877166100002,35.34277308899999],[43.39805155900001,35.340631574999975],[43.401620750000006,35.33991773600002],[43.40376226500001,35.328496324000014],[43.39876539699998,35.319216426000025],[43.39448236700002,35.30993652799998],[43.39234085200002,35.301370469000005],[43.39234085200002,35.292804408999984],[43.39234085200002,35.28281067299997],[43.39234085200002,35.274434058],[43.391858001,35.272744079000006],[43.40136801,35.27024144500001],[43.41137854700003,35.26723828399997],[43.42539329800002,35.261732488999996],[43.43290120099999,35.256727221000006],[43.44441331799999,35.258729328000015],[43.45217519099998,35.26152360200001],[43.45373094500002,35.259967847999974],[43.457300137000004,35.25211562700002],[43.45944165100002,35.24212189100001],[43.45908800299998,35.237524466000025],[43.458727812999996,35.23284199300002],[43.45801397499997,35.229272802000025],[43.45587246000002,35.22641744800001],[43.44445104699997,35.22284825700001],[43.435171149999974,35.21713755100001],[43.42018054599998,35.209999168000024],[43.419466707000026,35.205716138000014],[43.418752869,35.19715007899998],[43.42946044299998,35.18644250400001],[43.461583166000025,35.159316649000004],[43.47942912299999,35.144326045000014],[43.49798891900002,35.12576625000003],[43.51369336099998,35.11220332200003],[43.527970127,35.10506493899999],[43.53673159800002,35.10396975499998],[43.562234364999995,35.10078191000002],[43.562953849999985,35.098263711000016],[43.565089718000024,35.09078817400001],[43.566517395000005,35.08222211399999],[43.57059830399999,35.07470465],[43.580080322000015,35.05723777399999],[43.60292314700001,35.051527067999984],[43.62291061899998,35.045102523000025],[43.647894959999974,35.03725030200002],[43.696435963,35.02225969800003],[43.70785737599999,35.018690505999984],[43.71713727399998,35.01726282999999],[43.754256865,34.99798919599999],[43.776385850999986,34.98799545999998],[43.79494564700002,34.97871556199999],[43.821357664000004,34.965866473000005],[43.84277281200002,34.954445061],[43.85633574000002,34.946592839000004],[43.884175432999996,34.931602235000014],[43.897738360999995,34.92375001400001],[43.91772583300002,34.91304244000003],[43.93343027499998,34.90590405699999],[43.96198380599998,34.89448264399999],[43.978402087000006,34.89019961499997],[44.01338016300002,34.87949204],[44.068345711000006,34.85950456799998],[44.080480962000024,34.8545077],[44.12049405900001,34.83619662199999],[44.12259742100002,34.835234066],[44.149723275999975,34.82024346200001],[44.16273222699999,34.80699798500001],[44.188984382,34.780268518000014],[44.213968722000004,34.75599801599998],[44.21532245899999,34.754564646999995],[44.22610397300002,34.74314892699999],[44.23823922399998,34.735296705999986],[44.261795887999995,34.72101994000002],[44.283924875000025,34.70745701300001],[44.305340022999985,34.69674943799998],[44.313906083000006,34.69389408500001],[44.326041334000024,34.697463277],[44.342459614000006,34.71031236599998],[44.34674264400002,34.71388155699998],[44.34888415900002,34.722447617],[44.35245335000002,34.733869029000005],[44.353881027,34.745290442],[44.35530870299999,34.75885336900001],[44.353881027,34.76884710600001],[44.354594865000024,34.77527164999998],[44.36101940999998,34.78812073900002],[44.37957920500003,34.80810821099999],[44.38602144700002,34.81543903800002],[44.40028051600001,34.831664875],[44.407418898,34.83594790500001],[44.41027425200002,34.84380012600002],[44.41955414900002,34.87092598100003],[44.42526485600001,34.88877193799999],[44.43026172399999,34.896624159],[44.432403238999996,34.903048704000014],[44.43454475300001,34.92803304400002],[44.43954162099999,34.935885265000024],[44.45239071100002,34.94230980999998],[44.46238444699998,34.94516516300001],[44.47380585899998,34.97300485599999],[44.491651816,34.977287886],[44.505214744,34.979429401000004],[44.51949151000002,34.98228475399998],[44.53519595199998,34.994420004999995],[44.537337466999986,34.99656152],[44.53376827599999,35.01083828499998],[44.533054436999976,35.022973535999995],[44.524488378,35.050099391],[44.522346862999996,35.05795161200001],[44.51235312699998,35.07579757000002],[44.508783935,35.08793281999999],[44.507356259000005,35.09721271799998],[44.513780802999975,35.103637262999996],[44.52020534799999,35.108634130999974],[44.525202216000025,35.109347969],[44.527343730999974,35.11077564599998],[44.535909790000005,35.11006180700002],[44.54304817299999,35.108634130999974],[44.55018655600003,35.10792029300001],[44.55875261599999,35.11006180700002],[44.565890997999986,35.11077564599998],[44.571205127999974,35.11446381000002],[44.575520368000014,35.11446381000002],[44.58643367799999,35.11446381000002],[44.60927650299999,35.13349949799999],[44.63338837399999,35.157611368999994],[44.673997842000006,35.16141850600002],[44.694302574999995,35.16268755200002],[44.69049543800003,35.174108965000016],[44.69049543800003,35.17791610199998],[44.696840667000004,35.19568274400001],[44.70572398799999,35.212180339999975],[44.71080017100002,35.228677936],[44.718414446,35.25786599100002],[44.723490630000015,35.278170724000006],[44.733642996000015,35.29339927400002],[44.75394772999999,35.29339927400002],[44.765369142,35.30355164100001],[44.755216776,35.33147065000003],[44.73998822599998,35.33908492500001],[44.73237395000001,35.342892061999976],[44.728566812999986,35.35812061299998],[44.728566812999986,35.36827297899998],[44.75394772999999,35.379694391999976],[44.76917628000001,35.39111580500003],[44.780597693000004,35.40888244600001],[44.80621609799999,35.42052717600001],[44.808516700999974,35.421572905000005],[44.80597861000001,35.465989509999986],[44.78948101399999,35.468527601000005],[44.780597693000004,35.468527601000005],[44.77679055499999,35.468527601000005],[44.77171437200002,35.47487282999998],[44.766638188,35.479949014],[44.76410009699998,35.48756328899998],[44.748871545999975,35.488832334999984],[44.74760250100002,35.50913706799997],[44.74760250100002,35.523096572999975],[44.74760250100002,35.53451798499998],[44.75902391300002,35.53705607699999],[44.751206448999994,35.56497559100001],[44.75014059199998,35.56878222300003],[44.74760250100002,35.589086957000006],[44.74760250100002,35.601777415000015],[44.756485822,35.61827501099998],[44.763181771000006,35.62466659900002],[44.78440483000003,35.64492497399999],[44.79582624300002,35.66396066200002],[44.79582624300002,35.681727303],[44.783135784000024,35.69187966999999],[44.767907234000006,35.70203203699998],[44.742526317,35.703301082999985],[44.72983585899999,35.703301082999985],[44.71080017100002,35.70710822000001],[44.71714539999999,35.713453449999975],[44.72222158400001,35.718529633],[44.723490630000015,35.729951046],[44.723490630000015,35.735027229000025],[44.720952538000006,35.73756532099998],[44.71587635399999,35.73883436599999],[44.70572398799999,35.745179596000014],[44.68795734600002,35.762946237999984],[44.684150208000005,35.76802242100001],[44.67526688700002,35.781981925000025],[44.67780497899997,35.79594143000003],[44.68034307099998,35.801017613],[44.684150208000005,35.809900933999984],[44.67907402499998,35.82132234599999],[44.67907402499998,35.83781994200001],[44.66511452100002,35.84035803400002],[44.65623119999998,35.807362841999975],[44.648616925,35.80863188799998],[44.647347878999994,35.823860438],[44.644809786999986,35.83528185099999]]]}},{"type":"Feature","properties":{"id":"gov-ninewa","level":"governorate","name_ku":"نەینەوا","name_ar":"نينوى","name_en":"Nineveh Governorate","source":"Iraq COD-AB operational intersection","data_release":"2026-07-22-nav-kurd-systematic-dedupe-2027","aliases_ku":[],"aliases_ar":[],"aliases_en":[],"name_display":"نەینەوا","name":"نەینەوا","language_policy":"verified-kurdish-or-source-original","last_reviewed":"2026-08-27","search_key_ku":"نەینەوا | شوێن","search_key_ar":"نينوى | مكان","search_key_en":"Nineveh Governorate | Place","search_key":"نەینەوا | شوێن | نينوى | مكان | Nineveh Governorate | Place"},"geometry":{"type":"Polygon","coordinates":[[[42.49105112199999,36.939681135],[42.478202033,36.94396416500001],[42.452503853999985,36.96038244599998],[42.44322395699999,36.968948505000014],[42.42894719100002,36.97394537299999],[42.41609810199998,36.98893597699998],[42.40396285100002,37.006781934],[42.398252144000026,37.015347994000024],[42.3918276,37.026055568000004],[42.384689217000016,37.034621628000025],[42.374695481,37.04176001000002],[42.36327406800001,37.049612232000015],[42.28118269599997,36.98465295099999],[42.24834613600001,36.957527097000025],[42.23335553200002,36.943250331],[42.21833405899997,36.928841980000016],[42.198377456,36.90969993300001],[42.178389985000024,36.89256781400002],[42.16839624900001,36.88328791599997],[42.144125746999975,36.86686963599999],[42.13413201200001,36.858303577000015],[42.11485837800001,36.836888429],[42.09058787700002,36.81333176499999],[42.055609801,36.784183369000004],[42.025152702000014,36.755629838000004],[41.987081327,36.72041381700001],[41.965190285999995,36.698522776000004],[41.94234746199999,36.67377638300002],[41.906179656000006,36.64807820499999],[41.87705544300002,36.627647787],[41.84241010300002,36.60334433899999],[41.83194047500001,36.59287471099998],[41.755797726000026,36.57764616200001],[41.735810254,36.573839023999994],[41.67679962300002,36.56241761199999],[41.60636757999998,36.55194798399998],[41.52165877099998,36.53957478699999],[41.470262416000025,36.53196051200001],[41.44551602199999,36.527201590000004],[41.412203568999985,36.52339445299998],[41.364614351,36.45581776300003],[41.35128937000002,36.436782074999996],[41.326542975999985,36.401566054],[41.29323052299998,36.356832188],[41.29418230800002,36.33398936399999],[41.29358640700002,36.32107817399998],[41.29132695499999,36.27212337999998],[41.285802647000025,36.230942175999985],[41.353258582000024,36.23334755399998],[41.36387304700003,36.203981768999995],[41.37448751300002,36.174615983000024],[41.423848921,36.17585310800001],[41.44384081700002,36.16647931099999],[41.45420785800002,36.14698580700002],[41.48407212799998,36.13785580000001],[41.51393639700001,36.128725793],[41.524303438000004,36.10923229000002],[41.534666843000025,36.089738694999994],[41.554658829999994,36.080361262999986],[41.56502587099999,36.06086775900002],[41.61438727900003,36.06210488300002],[41.73285102300002,36.06507389000001],[41.78496686099999,36.06899079599998],[41.798473898,36.059167496999976],[41.81075302199997,36.04995815299998],[41.818120496999995,36.044432547999975],[41.83838105199999,36.04504650400003],[41.84513457000003,36.04627441600002],[41.85066017600002,36.04688837200001],[41.85925556299998,36.04811628499999],[41.868464905999986,36.04995815299998],[41.88381381099998,36.057939583999996],[41.891181286000005,36.06100936500002],[41.90530227900001,36.06653497100001],[41.915125578000016,36.07144662100001],[41.925562834000004,36.07390244599998],[41.94459547600002,36.07328848999998],[41.96178624999999,36.07390244599998],[41.97160954999998,36.076972227],[41.975907242999995,36.077586182999994],[41.99923757900001,36.08556761400001],[42.015814396999986,36.084339700999976],[42.05080990099998,36.084339700999976],[42.09133101100002,36.08618157000001],[42.11711717200001,36.096618826],[42.14474520099998,36.09600486900001],[42.15287877600002,36.09577248099998],[42.15333111299998,36.105271571],[42.15630543999998,36.118358607000005],[42.16046949600002,36.132040507],[42.167607879,36.14334294700001],[42.17117707099999,36.15286079100002],[42.17236680100001,36.15940430799998],[42.16522841800003,36.16118890400003],[42.16046949600002,36.163568365],[42.158684901000015,36.16832728700001],[42.161064361,36.17487080400002],[42.17117707099999,36.17962972599997],[42.17831545299998,36.180224592],[42.18247951000001,36.186173243999974],[42.177720588,36.192121896],[42.17831545299998,36.198665414000004],[42.18247951000001,36.204019200999994],[42.193781950000016,36.20996785400001],[42.202704928,36.21234731499999],[42.211033042,36.215321641],[42.222335481000016,36.21948569699998],[42.22887899900002,36.221865158000014],[42.236017382,36.22662408000002],[42.24494035999999,36.229598407000026],[42.25326847399998,36.23138300199997],[42.25981199099999,36.229598407000026],[42.26635550899999,36.22364975400001],[42.274088757000015,36.22364975400001],[42.280632275000016,36.22364975400001],[42.287770658,36.22067542799999],[42.291339848999996,36.215321641],[42.29907309700002,36.211752449000016],[42.30561661500002,36.21234731499999],[42.30978067199999,36.217106236999996],[42.314539593999996,36.221865158000014],[42.31513445899998,36.227218945999994],[42.319298515000014,36.229003541],[42.325842033000015,36.23078813699999],[42.33417014600002,36.229598407000026],[42.341903394999974,36.229598407000026],[42.347852047,36.23435732799999],[42.35023150799998,36.239711116000024],[42.35419785900001,36.24223515699998],[42.357030554000005,36.23756954100003],[42.36531896299999,36.22513692799998],[42.384658582999975,36.20165310300001],[42.390184189000024,36.19244376],[42.396170262,36.169880868999996],[42.40031446699999,36.154224985999974],[42.403998204000004,36.14317377399999],[42.40768194100002,36.133503964],[42.41597035000001,36.11462481000001],[42.420114555,36.107257335999975],[42.443598380000026,36.054764079999984],[42.45050538700002,36.05154080900002],[42.455570525999974,36.047857072],[42.46385893500002,36.041870999000025],[42.470765942000014,36.03726632799999],[42.474449678999974,36.032661656000016],[42.47813341699998,36.026215116],[42.48411949000001,36.018387174],[42.487873369,36.00750092200002],[42.48872416099999,36.005033626],[42.490556863999984,35.99678646299998],[42.490566030000025,35.996745218],[42.49062053199998,35.99678646299998],[42.50477892499998,36.00750092200002],[42.50760331499998,36.00963829800003],[42.523259198000005,36.018387174],[42.537073212999985,36.026215116],[42.543885276000026,36.028343886000016],[42.54444068700002,36.02851745200002],[42.55819852399998,36.028976046000025],[42.558254702,36.028977919],[42.55826219199997,36.028976046000025],[42.56079083200001,36.028343886000016],[42.56378030799999,36.027596517000006],[42.572469485,36.02622454200002],[42.57252918400002,36.026215116],[42.572533152999995,36.02622454200002],[42.57621292099998,36.03496399199997],[42.57943619100001,36.040950065000004],[42.58311992900002,36.043712868],[42.58818506699998,36.047857072],[42.59186880499999,36.05108034199998],[42.59785487800002,36.05522454700002],[42.60568281899998,36.06028968499999],[42.61028749100001,36.065354823999996],[42.61673403100002,36.07640603599998],[42.618115433000014,36.08239210900001],[42.617654965999975,36.09298285400001],[42.615813097,36.108178269999996],[42.61074795799999,36.11370387599999],[42.60338048400001,36.120150416],[42.60153861499998,36.12337368599998],[42.60199908200002,36.146397044000025],[42.602920015999985,36.15192265000002],[42.60614328700001,36.15652732199999],[42.609827024000026,36.16067152599999],[42.61627356399998,36.16803900100001],[42.621799169999974,36.17264367199999],[42.63100851299998,36.178169277999984],[42.63929692200003,36.184615818],[42.642520192000006,36.187839087999976],[42.64482252800002,36.19612749700002],[42.64896673200002,36.203955439000026],[42.648903064000024,36.203955439000026],[42.639821057000006,36.203955439000026],[42.63975738900001,36.203955439000026],[42.62410150599999,36.202113569999995],[42.594171140000014,36.20027170200001],[42.58087458,36.19843769300002],[42.580817593000006,36.19842983299998],[42.580810912000004,36.19843769300002],[42.572989651,36.20763917599999],[42.568845447,36.217308987000024],[42.567003578000026,36.226978797000015],[42.567003578000026,36.23664860700001],[42.56746404500001,36.24309514700002],[42.568845447,36.24862075300001],[42.57345011799998,36.256909162],[42.57713385599999,36.26335570200001],[42.579896658999985,36.26796037399998],[42.585882732000016,36.27210457799998],[42.59232927199997,36.279011586000024],[42.60015721399998,36.28637906],[42.61166889200001,36.287760461999994],[42.61903636699998,36.288681396000015],[42.62824570999999,36.289141863],[42.631929447000005,36.293746535000025],[42.637915521000025,36.29927214100002],[42.643901594,36.307560550000005],[42.625943373999974,36.31354662299998],[42.60660375399999,36.322295499000006],[42.61443169500001,36.335649046000015],[42.618115433000014,36.346700258],[42.62732477600002,36.36511894400002],[42.631929447000005,36.37248641899998],[42.645282995,36.39044463800002],[42.64850626499998,36.39504930999999],[42.66692495199999,36.39965398099997],[42.680278498999996,36.40471911999998],[42.69685531699997,36.405640054],[42.71066933200001,36.40794239000002],[42.73369268900001,36.40978425899999],[42.737376427000015,36.42267733900002],[42.72494381299998,36.43464948500002],[42.71711587200002,36.43977218200001],[42.705719310000006,36.44426173699998],[42.698294277,36.44853544799997],[42.69984835299999,36.461486087000026],[42.691559944000005,36.46433522699999],[42.68119943300002,36.46847943199998],[42.681717459000026,36.47547277699999],[42.68404857399997,36.493085646],[42.68637968899998,36.49671182399999],[42.689228829,36.50448220800001],[42.692077970000014,36.51069851400001],[42.695704148999994,36.51846889799998],[42.69900428300002,36.527338009000005],[42.69905356100003,36.527470444000016],[42.69984835299999,36.52960644699999],[42.70399255799998,36.53530472800003],[42.710467876999985,36.545665239000016],[42.71722676600001,36.55392069099997],[42.741616239999985,36.55392069099997],[42.74221110600001,36.54678230799999],[42.741616239999985,36.53488500399999],[42.74042651000002,36.521203103000005],[42.73983164499998,36.510495529000025],[42.741021375,36.50752120200002],[42.74340083599998,36.502762281],[42.74578029700001,36.498003358999995],[42.74578029700001,36.492649571000015],[42.75827246699998,36.48789065],[42.774333829,36.48253686200002],[42.78682599899997,36.486106054000004],[42.799913033999985,36.48789065],[42.80824114699999,36.48848551499998],[42.82013845199998,36.49086497600001],[42.82727683500002,36.492649571000015],[42.83203575700003,36.492649571000015],[42.839769004999994,36.48848551499998],[42.857020096999975,36.48194199699998],[42.864753345,36.47837280599998],[42.869512267000005,36.475993345000006],[42.88319416799999,36.47837280599998],[42.898065798999994,36.479562536],[42.91174769899999,36.479562536],[42.921860407999986,36.48194199699998],[42.939706365000006,36.473613883999974],[42.952198536000026,36.46885496200002],[42.95874205299998,36.464096040000015],[42.95993178399999,36.45517306099998],[42.956362592000005,36.44268089100001],[42.956362592000005,36.43494764299999],[42.95695745699999,36.42126574299999],[42.96885476199998,36.409368438],[42.983131528,36.393307075999985],[42.989675046,36.384384098],[43.00692613799998,36.38378923200003],[43.036669399999994,36.38378923200003],[43.08128429300001,36.38378923200003],[43.101509711000006,36.38557382800002],[43.101807142999974,36.381093749],[43.10849937699999,36.383436030999974],[43.121549233999986,36.38912442999998],[43.12288768000002,36.39882816900001],[43.12489535100002,36.41154341399999],[43.129245303000005,36.43028166900001],[43.129579913999976,36.43864696100002],[43.13426447799998,36.445339194999974],[43.139283653999996,36.430950892],[43.14396821700001,36.41857025899998],[43.14731433399999,36.41488953099997],[43.152333510000005,36.41020496700003],[43.157687296999995,36.407862685],[43.16371030800002,36.403512733000014],[43.17107176500002,36.400501227999996],[43.18679851500002,36.40083584000001],[43.19951375900001,36.408197297000015],[43.200247665000006,36.411552296000025],[43.21067727399998,36.40662634900002],[43.213785875999974,36.40317234700001],[43.21516747700002,36.401445346],[43.21551287699998,36.396609743],[43.21516747700002,36.38728393700001],[43.21344047600002,36.380721333],[43.21482207700001,36.37864893099999],[43.221039281,36.374849529000016],[43.22656568399998,36.37174092700002],[43.22863808599999,36.369668526],[43.22967428599998,36.36379672200002],[43.22863808599999,36.358615719],[43.22863808599999,36.35757951800002],[43.232092088,36.35274391500002],[43.23450988899998,36.347217511999986],[43.23761849099998,36.343763509999974],[43.241417893999994,36.340654907999976],[43.24418109499999,36.33789170599999],[43.24452649599999,36.33512850400001],[43.24556269599998,36.33224044100001],[43.243682503,36.33224044100001],[43.23464798700002,36.32153286699997],[43.23230570599998,36.31952519700002],[43.227621141999975,36.30379844700002],[43.22327118999999,36.287402473999975],[43.220594296,36.27870257000001],[43.21992507300001,36.27569106499999],[43.21055594500001,36.27602567600002],[43.201521429000024,36.27569106499999],[43.19081385499999,36.27602567600002],[43.186129290999986,36.27267955899998],[43.17943705699997,36.268329607],[43.178767833999984,36.26766038400001],[43.17459049399997,36.26511765499998],[43.17107176500002,36.26297582000001],[43.17307943499998,36.25829125600001],[43.178433222000024,36.24657984700002],[43.18244856299998,36.240556835999996],[43.188471573000015,36.22650314499998],[43.19415997200002,36.21679940600001],[43.19984837099997,36.20609183099998],[43.20787905200001,36.19571886900002],[43.21356745000003,36.18735357600002],[43.21892123800001,36.181999788999974],[43.230298034999976,36.18066134200001],[43.24100561,36.179657507],[43.245690173000014,36.178653671999996],[43.255728524000006,36.16995376800003],[43.258405417999995,36.168615321000004],[43.250820885999985,36.155844307999985],[43.24725169499999,36.147813627000005],[43.25528237499998,36.135321456999975],[43.269112991999975,36.133983011],[43.28294360899997,36.133983011],[43.291866588000005,36.132198415000005],[43.28874354499999,36.122829287],[43.28472820500002,36.110783266],[43.286958949999985,36.095614203000025],[43.29097429000001,36.07375290499999],[43.292111010999974,36.07034274099999],[43.29766652400002,36.05367620300001],[43.30078956599999,36.046091671],[43.308374098,36.04118403299998],[43.31997396999998,36.03270720299997],[43.331127693999974,36.021107330999996],[43.32934309799998,36.00192292700001],[43.334250736,35.99478454400003],[43.34183526800001,35.98630771500001],[43.353881289000014,35.98586156599998],[43.36057352300003,35.98318467199999],[43.37168967399998,35.980044566000004],[43.38453876300002,35.98289992000002],[43.42451370700002,35.99217981700002],[43.43950431100001,35.99574900900001],[43.45735026800003,36.00431506799998],[43.46988919299997,36.01112191300001],[43.48188250200002,36.028826321],[43.48741158399997,36.03909461699999],[43.488991322000004,36.04857304500001],[43.488991322000004,36.05726160299997],[43.496890011000005,36.06831976799998],[43.50952791399999,36.07740325999998],[43.52019114400002,36.08530194999997],[43.52887970299997,36.092805704],[43.536383457,36.10149426200002],[43.543097343,36.11097268999998],[43.548231491000024,36.12400552700001],[43.554945377000024,36.13703836399998],[43.564028870000016,36.14849146300003],[43.577061706999984,36.15836482499998],[43.60194257799998,36.18427252599997],[43.609857233000014,36.194561577],[43.610825499999976,36.197051406000014],[43.612253177000014,36.201334436000025],[43.640806708000014,36.21418352500001],[43.64937276799998,36.229887967000025],[43.66079417999998,36.24773392499998],[43.66507720999999,36.25273079300001],[43.680781653,36.262724529000025],[43.69363074199998,36.273432103000005],[43.71290437599998,36.28199816199998],[43.72646730299999,36.28913654500002],[43.737888715999986,36.292705737000006],[43.747168612999985,36.303413310999986],[43.75410566300002,36.31035036100002],[43.757162349,36.313407047],[43.765014570999995,36.32482845999999],[43.76715608500001,36.33125300400002],[43.775722144999975,36.339105226000015],[43.789285071999984,36.34767128499999],[43.802134162000016,36.35837885900003],[43.811414059000015,36.369086433999996],[43.824976987000014,36.382649361000006],[43.827832339999986,36.39264309700002],[43.827832339999986,36.400495318000026],[43.82711850200002,36.406919862999985],[43.82283547200001,36.42119662900001],[43.820693957,36.42762117299998],[43.84210910600001,36.43404571799999],[43.856385871999976,36.43690107100002],[43.86709344600001,36.44546713099999],[43.87565950499999,36.45117783699999],[43.87565950499999,36.46545460300001],[43.86923496100002,36.48544207499998],[43.873774604000005,36.48626746399998],[43.877087182000025,36.48686975099997],[43.912065257999984,36.481872882999994],[43.915264148999995,36.483152440000026],[43.91563444899998,36.483300559999975],[43.915819598999974,36.483707890000005],[43.919203641000024,36.49115278099998],[43.925484745000006,36.51627719700002],[43.925628184999994,36.51685095900001],[43.926040194999985,36.516832647],[43.95765164199997,36.51542769500003],[43.95775090799998,36.51542328300002],[43.95820709200001,36.51598314500001],[43.97324556699999,36.53443945499998],[43.973455350999984,36.53469691700002],[43.97380101700003,36.53499490500002],[43.99415666099998,36.55254287399998],[44.012132872999985,36.56775351499999],[44.01229170200003,36.56788790799999],[44.01271645700001,36.568247316],[44.012847152000006,36.568443358000025],[44.013196669000024,36.56896763399999],[44.014144133,36.570388831],[44.028420899000025,36.57966872899999],[44.03984231200002,36.58537943499999],[44.048408370999994,36.586807111999974],[44.063398974999984,36.58609327300002],[44.070537358000024,36.573958022],[44.07696190299998,36.56325044800002],[44.098377051,36.580382567000015],[44.10837078700001,36.586807111999974],[44.11622300900001,36.586807111999974],[44.130499773999986,36.584665597000026],[44.146918055000015,36.570388831],[44.15548411399999,36.577527213999986],[44.16262249699997,36.58395175800001],[44.17047471799998,36.59180398000001],[44.17475774799999,36.595373171000006],[44.18046845399999,36.60179771600002],[44.191889866999986,36.60964993699997],[44.191889866999986,36.613219128000026],[44.196172897,36.615360642999974],[44.20473895600003,36.61892983500002],[44.220443398999976,36.62535437899999],[44.227581782000016,36.628209732000016],[44.23329248800002,36.634634276999975],[44.241144709000025,36.64391417500002],[44.25113844499998,36.65176639600003],[44.25899066599999,36.65819094],[44.26517694299997,36.659737509000024],[44.26755672600001,36.660332455],[44.27683662300001,36.66247397000001],[44.279934524,36.663600479000024],[44.284688845000005,36.66532932299998],[44.29325490399998,36.68174760400001],[44.30324863999999,36.696738208],[44.30753167,36.70173507599998],[44.30967318500001,36.70459042900001],[44.32109459700001,36.70601810599999],[44.32038075899999,36.72814709300002],[44.29611025700001,36.738140828999974],[44.293968742000004,36.742423858999985],[44.291827227,36.74956224099998],[44.284688845000005,36.763839007],[44.26827056399998,36.780971126],[44.26184601900002,36.78739567100001],[44.25256612200002,36.794534053999996],[44.24542773899998,36.79881708300002],[44.23614784099999,36.80167243599999],[44.20473895600003,36.81166617299999],[44.17047471799998,36.821659909000005],[44.161908659000005,36.82380142300002],[44.15048724600001,36.825942938000026],[44.12693058299999,36.839505866000025],[44.11907836199998,36.84021970399999],[44.109798463999994,36.842361219],[44.099090890000014,36.84307505700002],[44.07410654900002,36.848071925],[44.069109680999986,36.84878576400001],[44.06482665200002,36.85306879299998],[44.066254328000014,36.880194647999986],[44.05768826899998,36.883050001000015],[44.05197756299998,36.884477677999996],[44.04483918,36.886619193],[44.040556149999986,36.88804686899999],[44.036273119999976,36.893757575999985],[44.03270392899998,36.902323635000016],[44.027707061,36.90803434100002],[44.02342403099999,36.915172724],[44.009147265000024,36.92159726900002],[43.98773211700001,36.93373251999998],[43.96203393799999,36.94658160900002],[43.95204020199998,36.951578477],[43.946329495999976,36.956575344999976],[43.940618789999974,36.96157221300001],[43.93704959799999,36.96585524300002],[43.924914347000026,36.96799675800003],[43.905640713000025,36.970138272999975],[43.90207152200003,36.972993626000004],[43.897074653999994,36.97584897899998],[43.88993627100001,36.98155968499998],[43.88279788800003,36.98441503800001],[43.874231828999996,36.987984229999995],[43.86780728399998,36.99298109799997],[43.86495193100001,36.995836451],[43.859241225000005,37.00226099600002],[43.86019295900002,37.006781934],[43.840919325000016,37.00535425800001],[43.821645692000004,37.006781934],[43.80308589600003,37.01177880199998],[43.78523993900001,37.015347994000024],[43.76096943700003,37.021058700000026],[43.740981965,37.02534172999998],[43.73027439100002,37.026055568000004],[43.71456994800002,37.023200214999974],[43.703148536000015,37.01891718500002],[43.696723991,37.00249890499998],[43.69172712300002,36.99321900699999],[43.68458873999998,36.983939109000005],[43.666028944999994,36.97394537299999],[43.655321370000024,36.970376181999995],[43.65032450199999,36.96752082799998],[43.648182987999974,36.958954769],[43.652466016999995,36.953957901000024],[43.661032077000016,36.94896103299999],[43.66817046,36.94753335600001],[43.681019548999984,36.94610568000002],[43.688157932000024,36.94610568000002],[43.700293182999985,36.940394974000014],[43.71885297799997,36.933256590999974],[43.73098822899999,36.92540436899998],[43.73098822899999,36.91683831],[43.72599136100001,36.90327538299999],[43.72384984600001,36.889712454999994],[43.721708331,36.87757720399998],[43.72191363500002,36.872855214000026],[43.722422170000016,36.861158923000005],[43.72384984600001,36.843312965999985],[43.727419037999994,36.829750038999975],[43.726972476000014,36.829660726999975],[43.72580479700002,36.82942719099998],[43.716711463000024,36.82760852400003],[43.702434697,36.82618084699999],[43.68601641700002,36.82546700900002],[43.66674278300002,36.824753171],[43.651332060000016,36.825453658000015],[43.651038341,36.82546700900002],[43.623912485999995,36.82903620100001],[43.604638851999994,36.83331922999997],[43.576085320000004,36.83831609800001],[43.54824562699997,36.843312965999985],[43.542534921000026,36.843312965999985],[43.520405933999996,36.84545448099999],[43.49899078499999,36.84474064300002],[43.457588165000004,36.84045761300001],[43.436173016,36.83974377499999],[43.43285039599999,36.839577643999974],[43.421896249999975,36.83902993700002],[43.40761948400001,36.84045761300001],[43.40619180800002,36.847595995999995],[43.40476413099998,36.85473437899998],[43.40333645499999,36.85901740899999],[43.40476413099998,36.88257407200001],[43.402622615999974,36.900420028999974],[43.399767263,36.911841442000025],[43.39548423299999,36.91683831],[43.35479545099997,36.92183517799998],[43.33694949400001,36.922549016000005],[43.312678991999974,36.92469053100001],[43.30910980099998,36.92469053100001],[43.29840222600001,36.90684457399999],[43.29197768199998,36.897564676],[43.28269778399999,36.89470932299997],[43.26770718,36.89470932299997],[43.26199647300001,36.88828477800001],[43.25771344399999,36.88257407200001],[43.25771344399999,36.864014277000024],[43.24771970799998,36.85116518699999],[43.21988001400001,36.81832862599998],[43.206317087,36.80048266900002],[43.19632335099999,36.790488933000006],[43.18847112999998,36.782636712],[43.17776355500001,36.78049519699999],[43.162059113,36.78049519699999],[43.15987139700002,36.777369889],[43.15706224500002,36.77335681400001],[43.145640832000026,36.763363078],[43.14349931800001,36.756224695000014],[43.13511023500001,36.753338128999985],[43.077112356999976,36.73338187000002],[43.06783245899999,36.73266803199999],[43.041503008999996,36.731992917000014],[43.03999276600001,36.73195419299998],[43.03952807600001,36.731992917000014],[43.00572852800002,36.73480954600001],[43.00375359499998,36.73480954600001],[42.98486063600001,36.73480954600001],[42.98288570300002,36.73480954600001],[42.95790136300002,36.73266803199999],[42.922923286000014,36.714108236000015],[42.91305522800002,36.711288791000015],[42.91292955,36.711252882999986],[42.91108029499998,36.711288791000015],[42.87518346799999,36.71198581599998],[42.873171592999995,36.71202488199998],[42.83940420699997,36.712680560000024],[42.83083814700001,36.71482207399998],[42.823699764000025,36.720532780999974],[42.82155825000001,36.73124035500001],[42.81870289599999,36.741234091000024],[42.816727963000005,36.741234091000024],[42.81068409300002,36.741234091000024],[42.80870915999998,36.741234091000024],[42.79871542400002,36.74337560599997],[42.79674049099998,36.74337560599997],[42.79426581299998,36.74337560599997],[42.792290879999996,36.74337560599997],[42.77801411399997,36.744089444],[42.76802037800002,36.749086311999974],[42.76016815700001,36.75479701900002],[42.74946058199998,36.771215299000005],[42.74589139099999,36.775498329000015],[42.73946684600003,36.77906752000001],[42.733756140000025,36.782636712],[42.726617756999985,36.78406438799999],[42.725190080999994,36.784778227000004],[42.720193213000016,36.79762731599999],[42.71979899399997,36.798634763999985],[42.713768668,36.81404559600003],[42.69520887200002,36.826894686],[42.68378746000002,36.834033068999986],[42.677362915,36.836888422000015],[42.66736917899999,36.84259912800002],[42.663799987999994,36.843312965999985],[42.657633042999976,36.84468339900002],[42.65737544299998,36.84474064300002],[42.65565810999999,36.84468339900002],[42.63596029500002,36.844026805],[42.63381878000001,36.834033068999986],[42.632391102999975,36.82403933299997],[42.632391102999975,36.819042464000006],[42.62810807300002,36.817614788000014],[42.623902078000015,36.817089038999995],[42.62239736700002,36.81690094999999],[42.62192714499997,36.817089038999995],[42.61882817600002,36.81832862599998],[42.610262116,36.828322361999994],[42.606713161000016,36.832107914000005],[42.605401382000025,36.833507145],[42.59955454200002,36.83974377499999],[42.584563937999974,36.85473437899998],[42.566004142,36.864014277000024],[42.551727375999974,36.87329417400002],[42.55458272999999,36.900420028999974],[42.548872023,36.911127604],[42.541019801999994,36.92754588399998],[42.536022934000016,36.93539810499999],[42.53388141900001,36.946819517999984],[42.531739904000005,36.95609941599997],[42.530312228000014,36.96252396],[42.52460152200001,36.97680072600002],[42.52174616799999,36.97894224100003],[42.50247253499998,36.979656078999994],[42.501758696000024,36.96537931400002],[42.49604799000002,36.94896103299999],[42.49105112199999,36.939681135]]]}},{"type":"Feature","properties":{"id":"gov-salahaldin","level":"governorate","name_ku":"سەڵاحەدین","name_ar":"صلاح الدين","name_en":"Salah al-Din Governorate","source":"Iraq COD-AB operational intersection","data_release":"2026-07-22-nav-kurd-systematic-dedupe-2027","aliases_ku":[],"aliases_ar":[],"aliases_en":[],"name_display":"سەڵاحەدین","name":"سەڵاحەدین","language_policy":"verified-kurdish-or-source-original","last_reviewed":"2026-08-27","search_key_ku":"سەڵاحەدین | شوێن","search_key_ar":"صلاح الدين | مكان","search_key_en":"Salah al-Din Governorate | Place","search_key":"سەڵاحەدین | شوێن | صلاح الدين | مكان | Salah al-Din Governorate | Place"},"geometry":{"type":"Polygon","coordinates":[[[44.34888415900002,34.722447617],[44.34674264400002,34.71388155699998],[44.35403942099998,34.705257027000016],[44.36390662299999,34.69538982500001],[44.368550013000004,34.67971838599999],[44.37261297800001,34.672172879000016],[44.38422145099997,34.670431608],[44.39002568799998,34.66869033699999],[44.40047331300002,34.661725252999986],[44.40627755000003,34.658242711000014],[44.416725176,34.65011678000002],[44.42659237800001,34.641990849000024],[44.44052254600001,34.634445341],[44.457935254999995,34.621676020999985],[44.484054319999984,34.60716542900002],[44.48927813199998,34.60252204],[44.51307550199999,34.575242129],[44.51722915900001,34.56580911100002],[44.518698356000016,34.56213611700002],[44.52072482,34.55853084199998],[44.521649244,34.56053376],[44.524591594000015,34.56494728500002],[44.531947468,34.565682873000014],[44.544452455,34.56347611000001],[44.558428616000015,34.56053376],[44.58932328899999,34.562004935000004],[44.607712976000016,34.55244229800002],[44.626102661999994,34.53111026200003],[44.63640088599999,34.528167912000015],[44.641549998000016,34.52743232500001],[44.662146447,34.557591410999976],[44.692305533000024,34.573038747],[44.71878668099998,34.587014909000004],[44.73202725499999,34.599519895000014],[44.748860681999986,34.62229453200001],[44.757037228,34.633356918000004],[44.751888115999975,34.641448379999986],[44.751152529000024,34.645126317000006],[44.74894576600002,34.648804255000016],[44.739383128999975,34.65542454199999],[44.734969605,34.66425159099998],[44.72834931800003,34.673814228000026],[44.72467138000002,34.68190569000001],[44.74158989199998,34.692939502],[44.750416941000026,34.700295375999985],[44.759979578000014,34.703973313000006],[44.779840439,34.70618007600001],[44.79970130100003,34.707651251000016],[44.81294187499998,34.71868506200002],[44.82765362399999,34.726776524],[44.848250071999985,34.739281511],[44.851928009999995,34.75325767300001],[44.853110259999994,34.75542513200003],[44.85634153400002,34.76134913499999],[44.85781270899997,34.771647358999985],[44.85928388399998,34.78930145800001],[44.86149064599999,34.81357584400001],[44.876937983000005,34.81725378099998],[44.887236207,34.81725378099998],[44.90268354400001,34.81651819299998],[44.918866467999976,34.817989367999985],[44.931371453999986,34.832701117],[44.946818791,34.84447051699999],[44.96153054000001,34.84961962900002],[44.97550670099997,34.85476874099999],[44.972564352000006,34.86727372799999],[44.970357589,34.88787017599998],[44.965944064999974,34.906259863],[44.96815082699999,34.916558087],[44.97550670099997,34.935683360999974],[44.97624228900003,34.947452759999976],[44.97624228900003,34.951866284999994],[44.97132300300001,34.95842533199999],[44.969622001999994,34.960693333999984],[44.95932377700001,34.973198320999984],[44.94314085399998,34.99011683200001],[44.93725615400001,34.99673711899999],[44.91813087999998,34.99673711899999],[44.88502944499999,34.998208293999994],[44.848250071999985,34.999679469],[44.834273911000025,35.001886231000015],[44.82544686099999,35.010713280999994],[44.81220628699998,35.02027591799998],[44.79896571299997,35.028367378999974],[44.79013866399998,35.032045316999984],[44.78572513900002,35.03278090399999],[44.77836926399999,35.03278090399999],[44.769542215,35.03278090399999],[44.759243991000005,35.02983855399998],[44.759243991000005,35.04307912899998],[44.74232547899999,35.034987666999996],[44.720993443,35.026896205000014],[44.71657991799998,35.02542503000001],[44.691569945000026,35.034987666999996],[44.679800546000024,35.02910296699997],[44.67685819600001,35.01586239300002],[44.67097349699998,35.007035342999984],[44.67097349699998,35.00482858100003],[44.662882034999996,35.00924210599999],[44.65552616000002,35.01512680500002],[44.65258381000001,35.023218267000004],[44.646699110999975,35.03645884100001],[44.63640088599999,35.05117059000003],[44.629780599000014,35.058526465],[44.61948237500002,35.068824688999996],[44.59888592599998,35.082065263000004],[44.58711652699998,35.09236348799999],[44.57681830299998,35.09971936199997],[44.570933603000015,35.105604062],[44.565890997999986,35.11077564599998],[44.55875261599999,35.11006180700002],[44.55018655600003,35.10792029300001],[44.54304817299999,35.108634130999974],[44.535909790000005,35.11006180700002],[44.527343730999974,35.11077564599998],[44.525202216000025,35.109347969],[44.52020534799999,35.108634130999974],[44.513780802999975,35.103637262999996],[44.507356259000005,35.09721271799998],[44.508783935,35.08793281999999],[44.51235312699998,35.07579757000002],[44.522346862999996,35.05795161200001],[44.524488378,35.050099391],[44.533054436999976,35.022973535999995],[44.53376827599999,35.01083828499998],[44.537337466999986,34.99656152],[44.53519595199998,34.994420004999995],[44.51949151000002,34.98228475399998],[44.505214744,34.979429401000004],[44.491651816,34.977287886],[44.47380585899998,34.97300485599999],[44.46238444699998,34.94516516300001],[44.45239071100002,34.94230980999998],[44.43954162099999,34.935885265000024],[44.43454475300001,34.92803304400002],[44.432403238999996,34.903048704000014],[44.43026172399999,34.896624159],[44.42526485600001,34.88877193799999],[44.41955414900002,34.87092598100003],[44.41027425200002,34.84380012600002],[44.407418898,34.83594790500001],[44.40028051600001,34.831664875],[44.38602144700002,34.81543903800002],[44.37957920500003,34.80810821099999],[44.36101940999998,34.78812073900002],[44.354594865000024,34.77527164999998],[44.353881027,34.76884710600001],[44.35530870299999,34.75885336900001],[44.353881027,34.745290442],[44.35245335000002,34.733869029000005],[44.34888415900002,34.722447617]]]}}],"name":"NAV KURD operational governorate intersections","version":"2026-07-22-nav-kurd-systematic-dedupe-2027"}
